site_description,site,site_description,unit,unitclass,freightclass,oldfreightclass,commodity_group,commodity_description,origin,origin_zip,destination,destination_zip,minimum_charge,ftl_flat_rate,old_discount,new_discount,L5C,5C,1M,2M,3M,5M,10M,20M,30M,40M
Itasca,DIT,,CWT,Weight,70,40,1VNL,LVT,GA,30720,IL,60143,115.21,1748.43,0.7795,0.7995,28.27,23.25,17.48,13.88,13.88,9.85,7.17,7.17,7.17,7.17
Itasca,DIT,,CWT,Weight,70,40,1VNL,LVP,GA,30720,IL,60143,115.21,1748.43,0.7795,0.7995,28.27,23.25,17.48,13.88,13.88,9.85,7.17,7.17,7.17,7.17
Itasca,DIT,,CWT,Weight,70,40,1VNL,VCT,GA,30720,IL,60143,115.21,1748.43,0.7795,0.7995,28.27,23.25,17.48,13.88,13.88,9.85,7.17,7.17,7.17,7.17
Itasca,DIT,,SQYD,Area,150,10,1CBL,Carpet Roll,GA,30720,IL,60143,52.59,1748.43,0.7795,0.7995,0.4386,0.4308,0.423,0.4153,0.4075,0.4075,0.4075,0.4075,0.4075,0.4075
Itasca,DIT,,SQYD,Area,70,100,1CPT,Carpet Tile,GA,30720,IL,60143,52.59,1748.43,0.7795,0.7995,0.7456,0.7324,0.7192,0.706,0.6928,0.6928,0.6928,0.6928,0.6928,0.6928
Jacksonville,SPJ,,CWT,Weight,70,40,1VNL,LVT,GA,30720,FL,32216,95.35,2313.67,0.7795,0.7995,22.87,20.85,16.16,13,13,10.19,8.49,8.49,8.49,8.49
Jacksonville,SPJ,,CWT,Weight,70,40,1VNL,LVP,GA,30720,FL,32216,95.35,2313.67,0.7795,0.7995,22.87,20.85,16.16,13,13,10.19,8.49,8.49,8.49,8.49
Jacksonville,SPJ,,CWT,Weight,70,40,1VNL,VCT,GA,30720,FL,32216,95.35,2313.67,0.7795,0.7995,22.87,20.85,16.16,13,13,10.19,8.49,8.49,8.49,8.49
Jacksonville,SPJ,,SQYD,Area,150,10,1CBL,Carpet Roll,GA,30720,FL,32216,55.13,2313.67,0.7795,0.7995,0.4366,0.4249,0.419,0.4102,0.3955,0.3955,0.3955,0.3955,0.3955,0.3955
Jacksonville,SPJ,,SQYD,Area,70,100,1CPT,Carpet Tile,GA,30720,FL,32216,55.13,2313.67,0.7795,0.7995,0.7422,0.7223,0.7123,0.6974,0.6724,0.6724,0.6724,0.6724,0.6724,0.6724
Norcross,SPN,,CWT,Weight,70,40,1VNL,LVT,GA,30720,GA,30071,95.35,724.83,0.7504,0.7731,12.24,11.15,8.29,6.26,6.26,4.97,4.21,4.21,4.21,4.21
Norcross,SPN,,CWT,Weight,70,40,1VNL,LVP,GA,30720,GA,30071,95.35,724.83,0.7504,0.7731,12.24,11.15,8.29,6.26,6.26,4.97,4.21,4.21,4.21,4.21
Norcross,SPN,,CWT,Weight,70,40,1VNL,VCT,GA,30720,GA,30071,95.35,724.83,0.7504,0.7731,12.24,11.15,8.29,6.26,6.26,4.97,4.21,4.21,4.21,4.21
Norcross,SPN,,SQYD,Area,150,10,1CBL,Carpet Roll,GA,30720,GA,30071,49.19,724.83,0.7504,0.7731,0.3202,0.3118,0.2992,0.2908,0.2823,0.2823,0.2823,0.2823,0.2823,0.2823
Norcross,SPN,,SQYD,Area,70,100,1CPT,Carpet Tile,GA,30720,GA,30071,49.19,724.83,0.7504,0.7731,0.5444,0.5301,0.5086,0.4943,0.48,0.48,0.48,0.48,0.48,0.48
Tampa,SPT,,CWT,Weight,70,40,1VNL,LVT,GA,30720,FL,33605,95.35,2313.67,0.7795,0.7995,25.37,23.13,17.94,14.41,14.41,11.3,9.42,9.42,9.42,9.42
Tampa,SPT,,CWT,Weight,70,40,1VNL,LVP,GA,30720,FL,33605,95.35,2313.67,0.7795,0.7995,25.37,23.13,17.94,14.41,14.41,11.3,9.42,9.42,9.42,9.42
Tampa,SPT,,CWT,Weight,70,40,1VNL,VCT,GA,30720,FL,33605,95.35,2313.67,0.7795,0.7995,25.37,23.13,17.94,14.41,14.41,11.3,9.42,9.42,9.42,9.42
Tampa,SPT,,SQYD,Area,150,10,1CBL,Carpet Roll,GA,30720,FL,33605,60.64,2313.67,0.7795,0.7995,0.4608,0.4497,0.4424,0.435,0.4166,0.4166,0.4166,0.4166,0.4166,0.4166
Tampa,SPT,,SQYD,Area,70,100,1CPT,Carpet Tile,GA,30720,FL,33605,60.64,2313.67,0.7795,0.7995,0.7834,0.7646,0.752,0.7394,0.7082,0.7082,0.7082,0.7082,0.7082,0.7082
Longwood,SPW,,CWT,Weight,70,40,1VNL,LVT,GA,30720,FL,32750,95.35,2313.67,0.7795,0.7995,25.37,23.13,17.94,14.14,14.14,11.3,9.42,9.42,9.42,9.42
Longwood,SPW,,CWT,Weight,70,40,1VNL,LVP,GA,30720,FL,32750,95.35,2313.67,0.7795,0.7995,25.37,23.13,17.94,14.14,14.14,11.3,9.42,9.42,9.42,9.42
Longwood,SPW,,CWT,Weight,70,40,1VNL,VCT,GA,30720,FL,32750,95.35,2313.67,0.7795,0.7995,25.37,23.13,17.94,14.14,14.14,11.3,9.42,9.42,9.42,9.42
Longwood,SPW,,SQYD,Area,150,10,1CBL,Carpet Roll,GA,30720,FL,32750,60.64,2313.67,0.7795,0.7995,0.4521,0.4412,0.4339,0.4267,0.4086,0.4086,0.4086,0.4086,0.4086,0.4086
Longwood,SPW,,SQYD,Area,70,100,1CPT,Carpet Tile,GA,30720,FL,32750,60.64,2313.67,0.7795,0.7995,0.7685,0.75,0.7377,0.7254,0.6946,0.6946,0.6946,0.6946,0.6946,0.6946
Spectra Coppell,SPCP,,CWT,Weight,70,40,1VNL,LVT,GA,30720,TX,75019,108.59,2160,0.7795,0.7995,26.53,24.18,19.27,16.1,16.1,12.58,10.57,10.57,10.57,10.57
Spectra Coppell,SPCP,,CWT,Weight,70,40,1VNL,LVP,GA,30720,TX,75019,108.59,2160,0.7795,0.7995,26.53,24.18,19.27,16.1,16.1,12.58,10.57,10.57,10.57,10.57
Spectra Coppell,SPCP,,CWT,Weight,70,40,1VNL,VCT,GA,30720,TX,75019,108.59,2160,0.7795,0.7995,26.53,24.18,19.27,16.1,16.1,12.58,10.57,10.57,10.57,10.57
Spectra Coppell,SPCP,,SQYD,Area,150,10,1CBL,Carpet Roll,GA,30720,TX,75019,62.45,2160,0.7795,0.7995,0.5073,0.4892,0.4819,0.4747,0.4601,0.4601,0.4601,0.4601,0.4601,0.4601
Spectra Coppell,SPCP,,SQYD,Area,70,100,1CPT,Carpet Tile,GA,30720,TX,75019,62.45,2160,0.7795,0.7995,0.8623,0.8316,0.8192,0.807,0.7822,0.7822,0.7822,0.7822,0.7822,0.7822
Spectra Houston,SPHU,,CWT,Weight,70,40,1VNL,LVT,GA,30720,TX,77040,101.96,2160,0.7795,0.7995,26.04,23.74,18.92,15.81,15.81,12.35,10.37,10.37,10.37,10.37
Spectra Houston,SPHU,,CWT,Weight,70,40,1VNL,LVP,GA,30720,TX,77040,101.96,2160,0.7795,0.7995,26.04,23.74,18.92,15.81,15.81,12.35,10.37,10.37,10.37,10.37
Spectra Houston,SPHU,,CWT,Weight,70,40,1VNL,VCT,GA,30720,TX,77040,101.96,2160,0.7795,0.7995,26.04,23.74,18.92,15.81,15.81,12.35,10.37,10.37,10.37,10.37
Spectra Houston,SPHU,,SQYD,Area,150,10,1CBL,Carpet Roll,GA,30720,TX,77040,62.45,2160,0.7795,0.7995,0.507,0.4963,0.4893,0.4787,0.4645,0.4645,0.4645,0.4645,0.4645,0.4645
Spectra Houston,SPHU,,SQYD,Area,70,100,1CPT,Carpet Tile,GA,30720,TX,77040,62.45,2160,0.7795,0.7995,0.8619,0.8438,0.8318,0.8137,0.7896,0.7896,0.7896,0.7896,0.7896,0.7896
Pavillion Floors,PVF,,CWT,Weight,70,40,1VNL,LVT,GA,30720,MA,18101,108.59,3474.81,0,0,30.56,27.05,21.56,18.18,18.18,15.09,13.53,13.53,13.53,13.53
Pavillion Floors,PVF,,CWT,Weight,70,40,1VNL,LVP,GA,30720,MA,18101,108.59,3474.81,0,0,30.56,27.05,21.56,18.18,18.18,15.09,13.53,13.53,13.53,13.53
Pavillion Floors,PVF,,CWT,Weight,70,40,1VNL,VCT,GA,30720,MA,18101,108.59,3474.81,0,0,30.56,27.05,21.56,18.18,18.18,15.09,13.53,13.53,13.53,13.53
Pavillion Floors,PVF,,SQYD,Area,150,10,1CBL,Carpet Roll,GA,30720,MA,18101,79.38,3474.81,0,0,0.6834,0.6762,0.669,0.6618,0.6545,0.6545,0.6545,0.6545,0.6545,0.6545
Pavillion Floors,PVF,,SQYD,Area,70,100,1CPT,Carpet Tile,GA,30720,MA,18101,79.38,3474.81,0,0,1.1619,1.1495,1.1373,1.125,1.1127,1.1127,1.1127,1.1127,1.1127,1.1127
Spectra Tempe,SPTM,,CWT,Weight,70,40,1VNL,LVT,GA,30720,AZ,85283,135.07,3926.47,0.7795,0.7995,37.04,30.02,25.56,21.49,21.49,18.68,15.32,15.32,15.32,15.32
Spectra Tempe,SPTM,,CWT,Weight,70,40,1VNL,LVP,GA,30720,AZ,85283,135.07,3926.47,0.7795,0.7995,37.04,30.02,25.56,21.49,21.49,18.68,15.32,15.32,15.32,15.32
Spectra Tempe,SPTM,,CWT,Weight,70,40,1VNL,VCT,GA,30720,AZ,85283,135.07,3926.47,0.7795,0.7995,37.04,30.02,25.56,21.49,21.49,18.68,15.32,15.32,15.32,15.32
Spectra Tempe,SPTM,,SQYD,Area,150,10,1CBL,Carpet Roll,GA,30720,AZ,85283,84.89,3926.47,0.7795,0.7995,0.7387,0.7227,0.7067,0.6987,0.6748,0.6748,0.6748,0.6748,0.6748,0.6748
Spectra Tempe,SPTM,,SQYD,Area,70,100,1CPT,Carpet Tile,GA,30720,AZ,85283,84.89,3926.47,0.7795,0.7995,1.2557,1.2286,1.2014,1.1878,1.1471,1.1471,1.1471,1.1471,1.1471,1.1471
Spectra Denver,SPD,,CWT,Weight,70,40,1VNL,LVT,GA,30720,CO,80112,148.31,4405.89,0.7795,0.7995,31.43,28.66,22.83,19.08,19.08,14.91,12.53,12.53,12.53,12.53
Spectra Denver,SPD,,CWT,Weight,70,40,1VNL,LVP,GA,30720,CO,80112,148.31,4405.89,0.7795,0.7995,31.43,28.66,22.83,19.08,19.08,14.91,12.53,12.53,12.53,12.53
Spectra Denver,SPD,,CWT,Weight,70,40,1VNL,VCT,GA,30720,CO,80112,148.31,4405.89,0.7795,0.7995,31.43,28.66,22.83,19.08,19.08,14.91,12.53,12.53,12.53,12.53
Spectra Denver,SPD,,SQYD,Area,150,10,1CBL,Carpet Roll,GA,30720,CO,80112,79.38,4405.89,0.7795,0.7995,0.671,0.6551,0.6472,0.6273,0.6075,0.6075,0.6075,0.6075,0.6075,0.6075
Spectra Denver,SPD,,SQYD,Area,70,100,1CPT,Carpet Tile,GA,30720,CO,80112,79.38,4405.89,0.7795,0.7995,1.1407,1.1137,1.1002,1.0665,1.0327,1.0327,1.0327,1.0327,1.0327,1.0327
Floor Sol Union,FSU,,CWT,Weight,70,40,1VNL,LVT,GA,30720,NC,24707,95.35,1362.91,0,0,18.69,17.03,13.21,10.62,10.62,8.32,6.94,6.94,6.94,6.94
Floor Sol Union,FSU,,CWT,Weight,70,40,1VNL,LVP,GA,30720,NC,24707,95.35,1362.91,0,0,18.69,17.03,13.21,10.62,10.62,8.32,6.94,6.94,6.94,6.94
Floor Sol Union,FSU,,CWT,Weight,70,40,1VNL,VCT,GA,30720,NC,24707,95.35,1362.91,0,0,18.69,17.03,13.21,10.62,10.62,8.32,6.94,6.94,6.94,6.94
Floor Sol Union,FSU,,SQYD,Area,150,10,1CBL,Carpet Roll,GA,30720,NC,24707,123.04,1362.91,0,0,1.2701,1.2492,1.2283,1.2076,1.1556,1.1556,1.1556,1.1556,1.1556,1.1556
Floor Sol Union,FSU,,SQYD,Area,70,100,1CPT,Carpet Tile,GA,30720,NC,24707,123.04,1362.91,0,0,2.1592,2.1237,2.0882,2.0528,1.9645,1.9645,1.9645,1.9645,1.9645,1.9645
Kenny Floor Covering,KFC,,CWT,Weight,70,40,1VNL,LVT,GA,30720,TN,38112,112.46,1064.4,0.7354,0.7595,20.07,18.3,13.6,10.25,8.16,8.16,6.91,6.91,6.91,6.91
Kenny Floor Covering,KFC,,CWT,Weight,70,40,1VNL,LVP,GA,30720,TN,38112,112.46,1064.4,0.7354,0.7595,20.07,18.3,13.6,10.25,8.16,8.16,6.91,6.91,6.91,6.91
Kenny Floor Covering,KFC,,CWT,Weight,70,40,1VNL,VCT,GA,30720,TN,38112,112.46,1064.4,0.7354,0.7595,20.07,18.3,13.6,10.25,8.16,8.16,6.91,6.91,6.91,6.91
Kenny Floor Covering,KFC,,SQYD,Area,150,10,1CBL,Carpet Roll,GA,30720,TN,38112,112.19,1064.4,0.7354,0.7595,0.5953,0.5856,0.5758,0.566,0.5417,0.5953,0.5856,0.5758,0.566,0.5417
Kenny Floor Covering,KFC,,SQYD,Area,70,100,1CPT,Carpet Tile,GA,30720,TN,38112,112.19,1064.4,0.7354,0.7595,1.0121,0.9954,0.9788,0.9622,0.9208,1.0121,0.9954,0.9788,0.9622,0.9208
Spectra Pelham,SPP,,CWT,Weight,70,40,1VNL,LVT,GA,30720,AL,35244,112.46,904.4,0.7134,0.7394,16.4,14.95,11.11,8.37,6.67,6.67,5.64,5.64,5.64,5.64
Spectra Pelham,SPP,,CWT,Weight,70,40,1VNL,LVP,GA,30720,AL,35244,112.46,904.4,0.7134,0.7394,16.4,14.95,11.11,8.37,6.67,6.67,5.64,5.64,5.64,5.64
Spectra Pelham,SPP,,CWT,Weight,70,40,1VNL,VCT,GA,30720,AL,35244,112.46,904.4,0.7134,0.7394,16.4,14.95,11.11,8.37,6.67,6.67,5.64,5.64,5.64,5.64
Spectra Pelham,SPP,,SQYD,Area,150,10,1CBL,Carpet Roll,GA,30720,AL,35244,116.87,904.4,0.7134,0.7394,0.6614,0.6491,0.6306,0.6182,0.6058,0.6614,0.6491,0.6306,0.6182,0.6058
Spectra Pelham,SPP,,SQYD,Area,70,100,1CPT,Carpet Tile,GA,30720,AL,35244,116.87,904.4,0.7134,0.7394,1.1245,1.1034,1.072,1.0509,1.0298,1.1245,1.1034,1.072,1.0509,1.0298
RD Weis Hawthorn,RDW,,CWT,Weight,70,40,1VNL,LVT,GA,30720,NY,10532,101.96,3204.63,0.7795,0.7995,32.69,30.36,25.52,19.5,15.43,15.43,13.63,13.63,13.63,13.63
RD Weis Hawthorn,RDW,,CWT,Weight,70,40,1VNL,LVP,GA,30720,NY,10532,101.96,3204.63,0.7795,0.7995,32.69,30.36,25.52,19.5,15.43,15.43,13.63,13.63,13.63,13.63
RD Weis Hawthorn,RDW,,CWT,Weight,70,40,1VNL,VCT,GA,30720,NY,10532,101.96,3204.63,0.7795,0.7995,32.69,30.36,25.52,19.5,15.43,15.43,13.63,13.63,13.63,13.63
RD Weis Hawthorn,RDW,,SQYD,Area,150,10,1CBL,Carpet Roll,GA,30720,NY,10532,86,3204.63,0.7795,0.7995,0.6747,0.6688,0.663,0.6513,0.6455,0.6747,0.6688,0.663,0.6513,0.6455
RD Weis Hawthorn,RDW,,SQYD,Area,70,100,1CPT,Carpet Tile,GA,30720,NY,10532,86,3204.63,0.7795,0.7995,1.1469,1.137,1.1271,1.1072,1.0973,1.1469,1.137,1.1271,1.1072,1.0973
Spectra Harrisburg,SPB,,CWT,Weight,70,40,1VNL,LVT,GA,30720,PA,17111,101.98,2232.33,0.7795,0.7995,24.78,22.59,17.52,14.09,11.04,11.04,9.2,9.2,9.2,9.2
Spectra Harrisburg,SPB,,CWT,Weight,70,40,1VNL,LVP,GA,30720,PA,17111,101.98,2232.33,0.7795,0.7995,24.78,22.59,17.52,14.09,11.04,11.04,9.2,9.2,9.2,9.2
Spectra Harrisburg,SPB,,CWT,Weight,70,40,1VNL,VCT,GA,30720,PA,17111,101.98,2232.33,0.7795,0.7995,24.78,22.59,17.52,14.09,11.04,11.04,9.2,9.2,9.2,9.2
Spectra Harrisburg,SPB,,SQYD,Area,150,10,1CBL,Carpet Roll,GA,30720,PA,17111,71.66,2232.33,0.7795,0.7995,0.7633,0.7488,0.7391,0.7294,0.7101,0.7633,0.7488,0.7391,0.7294,0.7101
Spectra Harrisburg,SPB,,SQYD,Area,70,100,1CPT,Carpet Tile,GA,30720,PA,17111,71.66,2232.33,0.7795,0.7995,1.2976,1.273,1.2565,1.24,1.2073,1.2976,1.273,1.2565,1.24,1.2073
Spectra San Antonio,SPSA,,CWT,Weight,70,40,1VNL,LVT,GA,30720,TX,78247,108.59,2421.6,0.7795,0.7995,28,25.52,20.34,16.99,13.28,13.28,11.16,11.16,11.16,11.16
Spectra San Antonio,SPSA,,CWT,Weight,70,40,1VNL,LVP,GA,30720,TX,78247,108.59,2421.6,0.7795,0.7995,28,25.52,20.34,16.99,13.28,13.28,11.16,11.16,11.16,11.16
Spectra San Antonio,SPSA,,CWT,Weight,70,40,1VNL,VCT,GA,30720,TX,78247,108.59,2421.6,0.7795,0.7995,28,25.52,20.34,16.99,13.28,13.28,11.16,11.16,11.16,11.16
Spectra San Antonio,SPSA,,SQYD,Area,150,10,1CBL,Carpet Roll,GA,30720,TX,78247,73.03,2421.6,0.7795,0.7995,0.6175,0.6011,0.593,0.5848,0.5644,0.6175,0.6011,0.593,0.5848,0.5644
Spectra San Antonio,SPSA,,SQYD,Area,70,100,1CPT,Carpet Tile,GA,30720,TX,78247,73.03,2421.6,0.7795,0.7995,1.0497,1.0219,1.0081,0.9941,0.9594,1.0497,1.0219,1.0081,0.9941,0.9594
Spectra Los Angeles,SPLA,,CWT,Weight,70,40,1VNL,LVT,GA,30720,CA,90017,135.07,4320,0.7795,0.7995,41.6,33.7,28.7,24.13,20.98,20.98,17.19,17.19,17.19,17.19
Spectra Los Angeles,SPLA,,CWT,Weight,70,40,1VNL,LVP,GA,30720,CA,90017,135.07,4320,0.7795,0.7995,41.6,33.7,28.7,24.13,20.98,20.98,17.19,17.19,17.19,17.19
Spectra Los Angeles,SPLA,,CWT,Weight,70,40,1VNL,VCT,GA,30720,CA,90017,135.07,4320,0.7795,0.7995,41.6,33.7,28.7,24.13,20.98,20.98,17.19,17.19,17.19,17.19
Spectra Los Angeles,SPLA,,SQYD,Area,150,10,1CBL,Carpet Roll,GA,30720,CA,90017,84.89,4320,0.7795,0.7995,0.7608,0.7443,0.7279,0.7114,0.6867,0.7608,0.7443,0.7279,0.7114,0.6867
Spectra Los Angeles,SPLA,,SQYD,Area,70,100,1CPT,Carpet Tile,GA,30720,CA,90017,84.89,4320,0.7795,0.7995,1.2934,1.2653,1.2374,1.2095,1.1674,1.2934,1.2653,1.2374,1.2095,1.1674
Spectra West Valley City,SPWV,,CWT,Weight,70,40,1VNL,LVT,GA,30720,UT,84120,148.31,3972.19,0.7795,0.7995,38.33,31.07,26.45,22.24,19.34,19.34,15.85,15.85,15.85,15.85
Spectra West Valley City,SPWV,,CWT,Weight,70,40,1VNL,LVP,GA,30720,UT,84120,148.31,3972.19,0.7795,0.7995,38.33,31.07,26.45,22.24,19.34,19.34,15.85,15.85,15.85,15.85
Spectra West Valley City,SPWV,,CWT,Weight,70,40,1VNL,VCT,GA,30720,UT,84120,148.31,3972.19,0.7795,0.7995,38.33,31.07,26.45,22.24,19.34,19.34,15.85,15.85,15.85,15.85
Spectra West Valley City,SPWV,,SQYD,Area,150,10,1CBL,Carpet Roll,GA,30720,UT,84120,87.85,3972.19,0.7795,0.7995,0.8049,0.798,0.7797,0.7712,0.7375,0.8049,0.798,0.7797,0.7712,0.7375
Spectra West Valley City,SPWV,,SQYD,Area,70,100,1CPT,Carpet Tile,GA,30720,UT,84120,87.85,3972.19,0.7795,0.7995,1.3684,1.3397,1.3254,1.311,1.2537,1.3684,1.3397,1.3254,1.311,1.2537
Spectra Cincinnati,DCN,,CWT,Weight,70,40,1VNL,LVT,GA,30720,OH,45215,101.96,1363.39,0.7795,0.7995,23.51,18.3,13.62,10.02,7.02,7.02,5.43,5.43,5.43,5.43
Spectra Cincinnati,DCN,,CWT,Weight,70,40,1VNL,LVP,GA,30720,OH,45215,101.96,1363.39,0.7795,0.7995,23.51,18.3,13.62,10.02,7.02,7.02,5.43,5.43,5.43,5.43
Spectra Cincinnati,DCN,,CWT,Weight,70,40,1VNL,VCT,GA,30720,OH,45215,101.96,1363.39,0.7795,0.7995,23.51,18.3,13.62,10.02,7.02,7.02,5.43,5.43,5.43,5.43
Spectra Cincinnati,DCN,,SQYD,Area,150,10,1CBL,Carpet Roll,GA,30720,OH,45215,57.33,1363.39,0.7795,0.7995,0.4367,0.4231,0.414,0.4049,0.3958,0.4367,0.4231,0.414,0.4049,0.3958
Spectra Cincinnati,DCN,,SQYD,Area,70,100,1CPT,Carpet Tile,GA,30720,OH,45215,57.33,1363.39,0.7795,0.7995,0.7424,0.7193,0.7038,0.6884,0.6729,0.7424,0.7193,0.7038,0.6884,0.6729
Spectra Columbus,SPC,,CWT,Weight,70,40,1VNL,LVT,GA,30720,OH,43228,101.96,1471.41,0.7795,0.7995,25.09,20.64,15.51,12.33,8.74,8.74,6.36,6.36,6.36,6.36
Spectra Columbus,SPC,,CWT,Weight,70,40,1VNL,LVP,GA,30720,OH,43228,101.96,1471.41,0.7795,0.7995,25.09,20.64,15.51,12.33,8.74,8.74,6.36,6.36,6.36,6.36
Spectra Columbus,SPC,,CWT,Weight,70,40,1VNL,VCT,GA,30720,OH,43228,101.96,1471.41,0.7795,0.7995,25.09,20.64,15.51,12.33,8.74,8.74,6.36,6.36,6.36,6.36
Spectra Columbus,SPC,,SQYD,Area,150,10,1CBL,Carpet Roll,GA,30720,OH,43228,57.33,1471.41,0.7795,0.7995,0.4366,0.4284,0.4162,0.408,0.3999,0.4366,0.4284,0.4162,0.408,0.3999
Spectra Columbus,SPC,,SQYD,Area,70,100,1CPT,Carpet Tile,GA,30720,OH,43228,57.33,1471.41,0.7795,0.7995,0.7422,0.7283,0.7075,0.6937,0.6798,0.7422,0.7283,0.7075,0.6937,0.6798
ProSpectra Cerritos,PSC,,CWT,Weight,70,40,1VNL,LVT,GA,30720,CA,90703,135.07,4320,0.7795,0.7995,41.6,33.7,28.7,24.13,20.98,20.98,17.19,17.19,17.19,17.19
ProSpectra Cerritos,PSC,,CWT,Weight,70,40,1VNL,LVP,GA,30720,CA,90703,135.07,4320,0.7795,0.7995,41.6,33.7,28.7,24.13,20.98,20.98,17.19,17.19,17.19,17.19
ProSpectra Cerritos,PSC,,CWT,Weight,70,40,1VNL,VCT,GA,30720,CA,90703,135.07,4320,0.7795,0.7995,41.6,33.7,28.7,24.13,20.98,20.98,17.19,17.19,17.19,17.19
ProSpectra Cerritos,PSC,,SQYD,Area,150,10,1CBL,Carpet Roll,GA,30720,CA,90703,84.89,4320,0.7795,0.7995,0.7608,0.7443,0.7279,0.7114,0.6867,0.7608,0.7443,0.7279,0.7114,0.6867
ProSpectra Cerritos,PSC,,SQYD,Area,70,100,1CPT,Carpet Tile,GA,30720,CA,90703,84.89,4320,0.7795,0.7995,1.2934,1.2653,1.2374,1.2095,1.1674,1.2934,1.2653,1.2374,1.2095,1.1674
Diverzify St. Louis,DSL,,CWT,Weight,70,73,1VNL,LVT,GA,30720,MO,63139,115.21,1383,0.7795,0.7995,25.55,21.01,15.02,8.9,8.9,6.48,6.48,6.48,6.48,6.48
Diverzify St. Louis,DSL,,CWT,Weight,70,82,1VNL,LVP,GA,30720,MO,63139,115.21,1383,0.7795,0.7995,25.55,21.01,15.02,8.9,8.9,6.48,6.48,6.48,6.48,6.48
Diverzify St. Louis,DSL,,CWT,Weight,70,91,1VNL,VCT,GA,30720,MO,63139,115.21,1383,0.7795,0.7995,25.55,21.01,15.02,8.9,8.9,6.48,6.48,6.48,6.48,6.48
Diverzify St. Louis,DSL,,SQYD,Area,150,100,1CBL,Carpet Roll,GA,30720,MO,63139,60.64,1383,0.7795,0.7995,0.4365,0.4284,0.4161,0.408,0.3998,0.3998,0.3998,0.3998,0.3998,0.3998
Diverzify St. Louis,DSL,,SQYD,Area,70,109,1CPT,Carpet Tile,GA,30720,MO,63139,60.64,1383,0.7795,0.7995,0.7422,0.7283,0.7075,0.6937,0.6797,0.6797,0.6797,0.6797,0.6797,0.6797
Spectra Huntsville,SPHV,,CWT,Weight,70,118,1VNL,LVT,GA,30720,AL,35758,112.46,774.71,0.7134,0.7394,16.4,14.95,11.11,8.37,8.37,6.67,5.64,5.64,5.64,5.64
Spectra Huntsville,SPHV,,CWT,Weight,70,127,1VNL,LVP,GA,30720,AL,35758,112.46,774.71,0.7134,0.7394,16.4,14.95,11.11,8.37,8.37,6.67,5.64,5.64,5.64,5.64
Spectra Huntsville,SPHV,,CWT,Weight,70,136,1VNL,VCT,GA,30720,AL,35758,112.46,774.71,0.7134,0.7394,16.4,14.95,11.11,8.37,8.37,6.67,5.64,5.64,5.64,5.64
Spectra Huntsville,SPHV,,SQYD,Area,150,145,1CBL,Carpet Roll,GA,30720,AL,35758,116.87,774.71,0.7134,0.7394,0.6617,0.6494,0.6308,0.6184,0.6061,0.6061,0.6061,0.6061,0.6061,0.6061
Spectra Huntsville,SPHV,,SQYD,Area,70,154,1CPT,Carpet Tile,GA,30720,AL,35758,116.87,774.71,0.7134,0.7394,1.1249,1.1039,1.0724,1.0513,1.0303,1.0303,1.0303,1.0303,1.0303,1.0303
Spectra Austin,SPA,,CWT,Weight,70,163,1VNL,LVT,GA,30720,TX,78754,108.59,2287.23,0.7795,0.7995,27.51,25.09,19.6,13.05,13.05,10.96,10.96,10.96,10.96,10.96
Spectra Austin,SPA,,CWT,Weight,70,172,1VNL,LVP,GA,30720,TX,78754,108.59,2287.23,0.7795,0.7995,27.51,25.09,19.6,13.05,13.05,10.96,10.96,10.96,10.96,10.96
Spectra Austin,SPA,,CWT,Weight,70,181,1VNL,VCT,GA,30720,TX,78754,108.59,2287.23,0.7795,0.7995,27.51,25.09,19.6,13.05,13.05,10.96,10.96,10.96,10.96,10.96
Spectra Austin,SPA,,SQYD,Area,150,190,1CBL,Carpet Roll,GA,30720,TX,78754,83.76,2287.23,0.7795,0.7995,0.6442,0.6244,0.6126,0.6046,0.5809,0.5809,0.5809,0.5809,0.5809,0.5809
Spectra Austin,SPA,,SQYD,Area,70,199,1CPT,Carpet Tile,GA,30720,TX,78754,83.76,2287.23,0.7795,0.7995,1.0951,1.0614,1.0414,1.0279,0.9876,0.9876,0.9876,0.9876,0.9876,0.9876
Spectra Sterling,SPS,,CWT,Weight,70,208,1VNL,LVT,GA,30720,VA,20166,101.96,2227.41,0.7795,0.7995,24.78,22.59,17.51,14.08,14.08,11.03,9.2,9.2,9.2,9.2
Spectra Sterling,SPS,,CWT,Weight,70,217,1VNL,LVP,GA,30720,VA,20166,101.96,2227.41,0.7795,0.7995,24.78,22.59,17.51,14.08,14.08,11.03,9.2,9.2,9.2,9.2
Spectra Sterling,SPS,,CWT,Weight,70,226,1VNL,VCT,GA,30720,VA,20166,101.96,2227.41,0.7795,0.7995,24.78,22.59,17.51,14.08,14.08,11.03,9.2,9.2,9.2,9.2
Spectra Sterling,SPS,,SQYD,Area,150,235,1CBL,Carpet Roll,GA,30720,VA,20166,67.25,2227.41,0.7795,0.7995,0.518,0.5071,0.4999,0.489,0.4745,0.4745,0.4745,0.4745,0.4745,0.4745
Spectra Sterling,SPS,,SQYD,Area,70,244,1CPT,Carpet Tile,GA,30720,VA,20166,67.25,2227.41,0.7795,0.7995,0.8806,0.8621,0.8498,0.8313,0.8067,0.8067,0.8067,0.8067,0.8067,0.8067
ProSpectra Las Vegas,PSLV,,CWT,Weight,70,253,1VNL,LVT,GA,30720,NV,89118,148.84,4179.21,0.7354,0.7595,48.11,38.59,30.03,28.29,28.29,25.56,20.47,20.47,20.47,20.47
ProSpectra Las Vegas,PSLV,,CWT,Weight,70,262,1VNL,LVP,GA,30720,NV,89118,148.84,4179.21,0.7354,0.7595,48.11,38.59,30.03,28.29,28.29,25.56,20.47,20.47,20.47,20.47
ProSpectra Las Vegas,PSLV,,CWT,Weight,70,271,1VNL,VCT,GA,30720,NV,89118,148.84,4179.21,0.7354,0.7595,48.11,38.59,30.03,28.29,28.29,25.56,20.47,20.47,20.47,20.47
ProSpectra Las Vegas,PSLV,,SQYD,Area,150,280,1CBL,Carpet Roll,GA,30720,NV,89118,95.92,4179.21,0.7354,0.7595,1.0476,1.0272,1.0117,0.9863,0.9555,0.9555,0.9555,0.9555,0.9555,0.9555
ProSpectra Las Vegas,PSLV,,SQYD,Area,70,289,1CPT,Carpet Tile,GA,30720,NV,89118,95.92,4179.21,0.7354,0.7595,1.7809,1.7462,1.72,1.6766,1.6244,1.6244,1.6244,1.6244,1.6244,1.6244
"Louisville, KY",SPLV,,CWT,Weight,70,298,1VNL,LVT,GA,30720,KY,40228,101.96,1274.41,0.7464,0.7695,20.1,18.12,13.79,10.27,10.27,8.09,7.33,7.33,7.33,7.33
"Louisville, KY",SPLV,,CWT,Weight,70,307,1VNL,LVP,GA,30720,KY,40228,101.96,1274.41,0.7464,0.7695,20.1,18.12,13.79,10.27,10.27,8.09,7.33,7.33,7.33,7.33
"Louisville, KY",SPLV,,CWT,Weight,70,316,1VNL,VCT,GA,30720,KY,40228,101.96,1274.41,0.7464,0.7695,20.1,18.12,13.79,10.27,10.27,8.09,7.33,7.33,7.33,7.33
"Louisville, KY",SPLV,,SQYD,Area,150,325,1CBL,Carpet Roll,GA,30720,KY,40228,60.64,1274.41,0.7464,0.7695,0.3966,0.3844,0.3761,0.3679,0.3596,0.3596,0.3596,0.3596,0.3596,0.3596
"Louisville, KY",SPLV,,SQYD,Area,70,334,1CPT,Carpet Tile,GA,30720,KY,40228,60.64,1274.41,0.7464,0.7695,0.6745,0.6535,0.6394,0.6254,0.6113,0.6113,0.6113,0.6113,0.6113,0.6113
ProSpectra Poway,PSP,,CWT,Weight,70,343,1VNL,LVT,GA,30720,CA,920464,135.07,3896.21,0,0,44.19,35.79,30.64,25.63,25.63,22.08,18.27,18.27,18.27,18.27
ProSpectra Poway,PSP,,CWT,Weight,70,352,1VNL,LVP,GA,30720,CA,920464,135.07,3896.21,0,0,44.19,35.79,30.64,25.63,25.63,22.08,18.27,18.27,18.27,18.27
ProSpectra Poway,PSP,,CWT,Weight,70,361,1VNL,VCT,GA,30720,CA,920464,135.07,3896.21,0,0,44.19,35.79,30.64,25.63,25.63,22.08,18.27,18.27,18.27,18.27
ProSpectra Poway,PSP,,SQYD,Area,150,370,1CBL,Carpet Roll,GA,30720,CA,920464,88.2,3896.21,0,0,0.7828,0.7655,0.7584,0.7422,0.7098,0.7098,0.7098,0.7098,0.7098,0.7098
ProSpectra Poway,PSP,,SQYD,Area,70,379,1CPT,Carpet Tile,GA,30720,CA,920464,88.2,3896.21,0,0,1.3307,1.3031,1.2893,1.2617,1.2066,1.2066,1.2066,1.2066,1.2066,1.2066
Floor Sol Greensboro,FSG,,CWT,Weight,70,388,1VNL,LVT,GA,30720,NC,27407,95.35,1364.49,0.7795,0.7995,18.69,17.03,13.21,10.62,10.62,6.82,6.94,6.94,6.94,6.94
Floor Sol Greensboro,FSG,,CWT,Weight,70,397,1VNL,LVP,GA,30720,NC,27407,95.35,1364.49,0.7795,0.7995,18.69,17.03,13.21,10.62,10.62,6.82,6.94,6.94,6.94,6.94
Floor Sol Greensboro,FSG,,CWT,Weight,70,406,1VNL,VCT,GA,30720,NC,27407,95.35,1364.49,0.7795,0.7995,18.69,17.03,13.21,10.62,10.62,6.82,6.94,6.94,6.94,6.94
Floor Sol Greensboro,FSG,,SQYD,Area,150,415,1CBL,Carpet Roll,GA,30720,NC,27407,123.04,1364.49,0.7795,0.7995,1.2701,1.2492,1.2283,1.2076,1.1555,1.1555,1.1555,1.1555,1.1555,1.1555
Floor Sol Greensboro,FSG,,SQYD,Area,70,424,1CPT,Carpet Tile,GA,30720,NC,27407,123.04,1364.49,0.7795,0.7995,2.1592,2.1237,2.0882,2.0528,1.9645,1.9645,1.9645,1.9645,1.9645,1.9645
Diverzify INDY,DIN,,CWT,Weight,70,433,1VNL,LVT,GA,30720,IN,46268,101.96,1453.27,0.7795,0.7995,25.47,20.95,15.72,12.51,12.51,8.87,6.46,6.46,6.46,6.46
Diverzify INDY,DIN,,CWT,Weight,70,442,1VNL,LVP,GA,30720,IN,46268,101.96,1453.27,0.7795,0.7995,25.47,20.95,15.72,12.51,12.51,8.87,6.46,6.46,6.46,6.46
Diverzify INDY,DIN,,CWT,Weight,70,451,1VNL,VCT,GA,30720,IN,46268,101.96,1453.27,0.7795,0.7995,25.47,20.95,15.72,12.51,12.51,8.87,6.46,6.46,6.46,6.46
Diverzify INDY,DIN,,SQYD,Area,150,460,1CBL,Carpet Roll,GA,30720,IN,46268,55.13,1453.27,0.7795,0.7995,0.3748,0.3658,0.3598,0.3538,0.3388,0.3388,0.3388,0.3388,0.3388,0.3388
Diverzify INDY,DIN,,SQYD,Area,70,469,1CPT,Carpet Tile,GA,30720,IN,46268,55.13,1453.27,0.7795,0.7995,0.6371,0.6218,0.6116,0.6014,0.5759,0.5759,0.5759,0.5759,0.5759,0.5759
ProSpectra Union City,PSUC,,CWT,Weight,70,478,1VNL,LVT,GA,30720,CA,94527,135.07,4320,0.7795,0.7995,45.48,36.85,31.37,26.38,26.38,22.93,18.01,18.01,18.01,18.01
ProSpectra Union City,PSUC,,CWT,Weight,70,487,1VNL,LVP,GA,30720,CA,94527,135.07,4320,0.7795,0.7995,45.48,36.85,31.37,26.38,26.38,22.93,18.01,18.01,18.01,18.01
ProSpectra Union City,PSUC,,CWT,Weight,70,496,1VNL,VCT,GA,30720,CA,94527,135.07,4320,0.7795,0.7995,45.48,36.85,31.37,26.38,26.38,22.93,18.01,18.01,18.01,18.01
ProSpectra Union City,PSUC,,SQYD,Area,150,505,1CBL,Carpet Roll,GA,30720,CA,94527,94.92,4320,0.7795,0.7995,0.8818,0.862,0.8422,0.8343,0.8106,0.8106,0.8106,0.8106,0.8106,0.8106
ProSpectra Union City,PSUC,,SQYD,Area,70,514,1CPT,Carpet Tile,GA,30720,CA,94527,94.92,4320,0.7795,0.7995,1.499,1.4654,1.4318,1.4184,1.378,1.378,1.378,1.378,1.378,1.378
Spectra Tigard,SPTG,,CWT,Weight,70,523,1VNL,LVT,GA,30720,OR,97233,148.31,6146.47,0.7795,0.7995,46.49,37.11,31.59,26.57,26.57,23.22,19.13,19.13,19.13,19.13
Spectra Tigard,SPTG,,CWT,Weight,70,532,1VNL,LVP,GA,30720,OR,97233,148.31,6146.47,0.7795,0.7995,46.49,37.11,31.59,26.57,26.57,23.22,19.13,19.13,19.13,19.13
Spectra Tigard,SPTG,,CWT,Weight,70,541,1VNL,VCT,GA,30720,OR,97233,148.31,6146.47,0.7795,0.7995,46.49,37.11,31.59,26.57,26.57,23.22,19.13,19.13,19.13,19.13
Spectra Tigard,SPTG,,SQYD,Area,150,550,1CBL,Carpet Roll,GA,30720,OR,97233,105.84,6146.47,0.7795,0.7995,1.0587,1.0443,1.0204,1.0012,0.9821,0.9821,0.9821,0.9821,0.9821,0.9821
Spectra Tigard,SPTG,,SQYD,Area,70,559,1CPT,Carpet Tile,GA,30720,OR,97233,105.84,6146.47,0.7795,0.7995,1.7998,1.7753,1.7346,1.7021,1.6695,1.6695,1.6695,1.6695,1.6695,1.6695
Beckers Flooring Minneapolis,BSC,,CWT,Weight,70,568,1VNL,LVT,GA,30720,MN,55112,115.21,2823.61,0.7795,0.7995,27.51,25.09,19.99,16.7,16.7,13.05,10.96,10.96,10.96,10.96
Beckers Flooring Minneapolis,BSC,,CWT,Weight,70,577,1VNL,LVP,GA,30720,MN,55112,115.21,2823.61,0.7795,0.7995,27.51,25.09,19.99,16.7,16.7,13.05,10.96,10.96,10.96,10.96
Beckers Flooring Minneapolis,BSC,,CWT,Weight,70,586,1VNL,VCT,GA,30720,MN,55112,115.21,2823.61,0.7795,0.7995,27.51,25.09,19.99,16.7,16.7,13.05,10.96,10.96,10.96,10.96
Beckers Flooring Minneapolis,BSC,,SQYD,Area,150,595,1CBL,Carpet Roll,GA,30720,MN,55112,72.77,2823.61,0.7795,0.7995,0.5844,0.5632,0.5547,0.5462,0.5293,0.5293,0.5293,0.5293,0.5293,0.5293
Beckers Flooring Minneapolis,BSC,,SQYD,Area,70,604,1CPT,Carpet Tile,GA,30720,MN,55112,72.77,2823.61,0.7795,0.7995,0.9934,0.9574,0.9431,0.9286,0.8999,0.8999,0.8999,0.8999,0.8999,0.8999
ProSpectra Sacramento,PSS,,CWT,Weight,110,613,1VNL,LVT,GA,30720,CA,95834,135.07,4320,0.7795,0.7995,44.85,36.34,30.36,26.01,26.01,22.61,18.54,18.54,18.54,18.54
ProSpectra Sacramento,PSS,,CWT,Weight,118,622,1VNL,LVP,GA,30720,CA,95834,135.07,4320,0.7795,0.7995,44.85,36.34,30.36,26.01,26.01,22.61,18.54,18.54,18.54,18.54
ProSpectra Sacramento,PSS,,CWT,Weight,126,631,1VNL,VCT,GA,30720,CA,95834,135.07,4320,0.7795,0.7995,44.85,36.34,30.36,26.01,26.01,22.61,18.54,18.54,18.54,18.54
ProSpectra Sacramento,PSS,,SQYD,Area,134,640,1CBL,Carpet Roll,GA,30720,CA,95834,94.82,4320,0.7795,0.7995,0.882,0.8622,0.8424,0.8345,0.8108,0.882,0.8622,0.8424,0.8345,0.8108
ProSpectra Sacramento,PSS,,SQYD,Area,142,649,1CPT,Carpet Tile,GA,30720,CA,95834,94.82,4320,0.7795,0.7995,1.4994,1.4658,1.4322,1.4187,1.3784,1.4994,1.4658,1.4322,1.4187,1.3784
Spectra Tukwila,SPK,,CWT,Weight,150,658,1VNL,LVT,GA,30720,WA,98188,148.31,6417.63,0.7795,0.7995,47.47,37.9,32.29,27.13,27.13,23.71,19.64,19.64,19.64,19.64
Spectra Tukwila,SPK,,CWT,Weight,158,667,1VNL,LVP,GA,30720,WA,98188,148.31,6417.63,0.7795,0.7995,47.47,37.9,32.29,27.13,27.13,23.71,19.64,19.64,19.64,19.64
Spectra Tukwila,SPK,,CWT,Weight,166,676,1VNL,VCT,GA,30720,WA,98188,148.31,6417.63,0.7795,0.7995,47.47,37.9,32.29,27.13,27.13,23.71,19.64,19.64,19.64,19.64
Spectra Tukwila,SPK,,SQYD,Area,174,685,1CBL,Carpet Roll,GA,30720,WA,98188,107.78,6417.63,0.7795,0.7995,1.0032,0.9935,0.9743,0.9648,0.936,1.0032,0.9935,0.9743,0.9648,0.936
Spectra Tukwila,SPK,,SQYD,Area,182,694,1CPT,Carpet Tile,GA,30720,WA,98188,107.78,6417.63,0.7795,0.7995,1.7054,1.689,1.6564,1.6402,1.5911,1.7054,1.689,1.6564,1.6402,1.5911
Flooring Solutions N Charleston,FSC,,CWT,Weight,190,703,1VNL,LVT,GA,30720,SC,29418,168.68,1402.81,0.7464,0.7695,20.93,19.08,14.79,11.9,11.9,9.31,7.77,7.77,7.77,7.77
Flooring Solutions N Charleston,FSC,,CWT,Weight,198,712,1VNL,LVP,GA,30720,SC,29418,168.68,1402.81,0.7464,0.7695,20.93,19.08,14.79,11.9,11.9,9.31,7.77,7.77,7.77,7.77
Flooring Solutions N Charleston,FSC,,CWT,Weight,206,721,1VNL,VCT,GA,30720,SC,29418,168.68,1402.81,0.7464,0.7695,20.93,19.08,14.79,11.9,11.9,9.31,7.77,7.77,7.77,7.77
Flooring Solutions N Charleston,FSC,,SQYD,Area,214,730,1CBL,Carpet Roll,GA,30720,SC,29418,156.56,1402.81,0.7464,0.7695,0.7967,0.7836,0.7705,0.7574,0.7248,0.7248,0.7248,0.7248,0.7248,0.7248
Flooring Solutions N Charleston,FSC,,SQYD,Area,222,739,1CPT,Carpet Tile,GA,30720,SC,29418,156.56,1402.81,0.7464,0.7695,1.3543,1.3321,1.3098,1.2876,1.2322,1.2322,1.2322,1.2322,1.2322,1.2322
Wright Commercial Floors,DPW,,CWT,Weight,230,748,1VNL,LVT,GA,30720,PA,15225,101.96,2188.81,0.7795,0.7995,24.26,22.12,17.14,13.79,13.79,10.89,9.01,9.01,9.01,9.01
Wright Commercial Floors,DPW,,CWT,Weight,238,757,1VNL,LVP,GA,30720,PA,15225,101.96,2188.81,0.7795,0.7995,24.26,22.12,17.14,13.79,13.79,10.89,9.01,9.01,9.01,9.01
Wright Commercial Floors,DPW,,CWT,Weight,246,766,1VNL,VCT,GA,30720,PA,15225,101.96,2188.81,0.7795,0.7995,24.26,22.12,17.14,13.79,13.79,10.89,9.01,9.01,9.01,9.01
Wright Commercial Floors,DPW,,SQYD,Area,254,775,1CBL,Carpet Roll,GA,30720,PA,15225,52.47,2188.81,0.7795,0.7995,0.4629,0.4552,0.4477,0.44,0.44,0.44,0.44,0.44,0.44,0.44
Wright Commercial Floors,DPW,,SQYD,Area,262,784,1CPT,Carpet Tile,GA,30720,PA,15225,52.47,2188.81,0.7795,0.7995,0.7869,0.7739,0.7611,0.7481,0.7481,0.7481,0.7481,0.7481,0.7481,0.7481
Collaborative Turnkey Solutions,CTS,,CWT,Weight,70,40,1VNL,LVT,GA,30720,FL,32216,95.35,2313.67,0.7795,0.7995,22.87,20.85,16.16,13,13,10.19,8.49,8.49,8.49,8.49
Collaborative Turnkey Solutions,CTS,,CWT,Weight,70,40,1VNL,LVP,GA,30720,FL,32216,95.35,2313.67,0.7795,0.7995,22.87,20.85,16.16,13,13,10.19,8.49,8.49,8.49,8.49
Collaborative Turnkey Solutions,CTS,,CWT,Weight,70,40,1VNL,VCT,GA,30720,FL,32216,95.35,2313.67,0.7795,0.7995,22.87,20.85,16.16,13,13,10.19,8.49,8.49,8.49,8.49
Collaborative Turnkey Solutions,CTS,,SQYD,Area,150,10,1CBL,Carpet Roll,GA,30720,FL,32216,55.13,2313.67,0.7795,0.7995,0.4366,0.4249,0.419,0.4102,0.3955,0.3955,0.3955,0.3955,0.3955,0.3955
Collaborative Turnkey Solutions,CTS,,SQYD,Area,70,100,1CPT,Carpet Tile,GA,30720,FL,32216,55.13,2313.67,0.7795,0.7995,0.7422,0.7223,0.7123,0.6974,0.6724,0.6724,0.6724,0.6724,0.6724,0.6724
