,PART_NO,DESCRIPTION,MFR,manufacturer_name,STYLE,COMPOSITION,WIDTH,COLOR,TYPE,SIZE,GAUGE,FACE WEIGHT,COLLECTION,DEPTH,BACKING,FINISH,SITE,PART STATUS,PART TYPE,COMMODITY 1,COMMODITY 2,comm1_label,comm2_label,PRODUCT CODE,PRODUCT_FAMILY,INV UoM,PURCH UoM,CONV FACTOR,PRIMARY SUPPLIER,SUPPLIER NAME,NET WEIGHT,NET VOLUME,Manufacturer,miscellaneous,material_part,ext_manufacturer,manufacturer_match,windbid,name,part_number,product_type,form,dimensions,color,color_code,collection,product_name,backing,processed_flag
299975,183916-012,Interface Silver Linings SL910 (SL910) Tufted Texture Loop 25cm x 1m - Walnut (104509),INTF,Interface,5591 - Silver Linings SL910,,,40161 - Walnut (104509),2023 - Tufted Texture Loop,903 - 25cm x 1m,,40 - 21 oz.,,,69 - GlasBac,,SPCB,A,Purchased,1CPT,2CPT,Carpet Tile,Carpet Tile,*,*,SY,SY,1.0,102775.0,"Interface Americas, Inc.",,,INTF,False,False,Interface,True,No,Silver Linings SL910,SL910,Tufted,Texture Loop ,25cm x 1m,Walnut,104509,,,,Processed
387601,215819-001,Interface Cubic (1380102501) Tufted Texture Loop 19.69in x 19.69in - Shape (4287),INTF,Interface,7094 - Cubic,,,30077 - Shape (4287),2023 - Tufted Texture Loop,494 - 19.69in x 19.69in,,28 - 18 oz.,,,236 - ReadyBac,,SPT,A,Purchased,1CPT,2CPT,Carpet Tile,Carpet Tile,*,*,SY,SY,1.0,102775,"Interface Americas, Inc.",,,INTF,False,False,Interface,True,No,Cubic,1380102501,Tufted,Texture Loop ,19.69in x 19.69in,Shape,4287,,,,Processed
250912,162621-020,Interface Cap & Blazer Tufted Texture Loop 19.69in x 19.69in - St. George (100888),INTF,Interface,715 - Cap & Blazer,,,55171 - St. George (100888),2023 - Tufted Texture Loop,494 - 19.69in x 19.69in,,35 - 20 oz,,,69 - GlasBac,,SPCB,A,Purchased,1CPT,2CPT,Carpet Tile,Carpet Tile,*,*,SY,SY,1.0,102775.0,"Interface Americas, Inc.",,,INTF,False,False,Interface,True,No,Cap &,,Blazer,Tufted Texture Loop ,19.69in x 19.69in,St. George,100888,,,,Processed
58441,004001,INTERFACE\NATIVE FABRIC\A00806 TWINE\50CMX50CM,INTF,Interface,,,,,,,,,,,,,CTS,O,Purchased,1VNL,2LVT,Vinyl,LVT,0102,01,CTN,SF,0.037160907,100796,DNU (102775) Interface Americas,,,INTF,False,False,INTERFACE,True,Yes,,,,,50CMX50CM,,,NATIVE FABRIC,A00806 TWINE,,Processed
252939,153104-015,Interfaceflor Block Weave (12504) Tufted Cut & Loop 19.69in x 19.69in - Mercury (8052),IFFR,Interfaceflor,2880 - Block Weave,,,120556 - Mercury (8052),1996 - Tufted Cut & Loop,494 - 19.69in x 19.69in,,42 - 23 oz.,,,175 - Undefined,,SPCB,A,Purchased,1CPT,2CPT,Carpet Tile,Carpet Tile,*,*,SY,SY,1.0,102775.0,"Interface Americas, Inc.",,,IFFR,False,False,Interfaceflor,True,No,Block Weave,12504,Tufted,Cut & Loop ,19.69in x 19.69in,Mercury,8052,,,,Processed
59211,013855,INTERFACE\AE311 AERIAL\104674 SMOKE\25CMX1M,INTF,Interface,,,,,,,,,,,,,CTS,O,Purchased,1CPT,2CPT,Carpet Tile,Carpet Tile,0102,01,CTN,SY,0.16722408,100796,DNU (102775) Interface Americas,,,INTF,False,False,INTERFACE,True,Yes,,,,,25CMX1M,,,AE311 AERIAL,104674 SMOKE,,Processed
229857,103090-002,Interface Dot Com (14615) Tufted Texture Loop 19.69in x 19.69in - Terminal (2715),INTF,Interface,7604 - Dot Com,,,138037 - Terminal (2715),2023 - Tufted Texture Loop,494 - 19.69in x 19.69in,,41 - 22 oz.,,,175 - Undefined,,SPCB,A,Purchased,1CPT,2CPT,Carpet Tile,Carpet Tile,*,*,SY,SY,1.0,102775.0,"Interface Americas, Inc.",,,INTF,False,False,Interface,True,No,Dot Com,14615,Tufted,Texture Loop ,19.69in x 19.69in,Terminal,2715,,,,Processed
69081,037264,INTERFACE\MONOCHROME\101846 WATERFALL\50CMX50CM,INTF,Interface,,,,,,,,,,,,,CTS,O,Purchased,GM,PR,,,0102,01,CTN,SY,0.16722408,100796,DNU (102775) Interface Americas,,,INTF,False,False,INTERFACE,True,Yes,,,,,50CMX50CM,,,MONOCHROME,101846 WATERFALL,,Processed
109838,215204-000,Interface Northern Grain (A026xx) 22 mil LVT 25cm x 1m 4.5 mm - To Be Selected (TBS),INTF,Interface,21129 - Northern Grain,,,118967 - To Be Selected (TBS),332 - 22 mil LVT,903 - 25cm x 1m,181 - 4.5 mm,,,,,,DPW,A,Purchased,1VNL,2VCT,Vinyl,VCT,*,*,SF,SF,1.0,999999,SUPPLIER PLACEHOLDER,,,INTF,False,False,Interface,True,No,Northern Grain,A026xx,22,mil LVT ,25cm x 1m 4.5 mm,To Be Selected,TBS,,,,Processed
268758,193801-006,Interface World Woven 880 (28200AK00) Tufted Sheared 25cm x 1m - Natural Loom (105364),INTF,Interface,11617 - World Woven 880,,,101013 - Natural Loom (105364),2021 - Tufted Sheared,903 - 25cm x 1m,,47 - 25 oz.,,,69 - GlasBac,,SPCB,A,Purchased,1CPT,2CPT,Carpet Tile,Carpet Tile,*,*,SY,SY,1.0,102775.0,"Interface Americas, Inc.",,,INTF,False,False,Interface,True,No,World Woven 880,28200AK00,Tufted,Sheared ,25cm x 1m,Natural Loom,105364,,,,Processed
8456,306465-000,Interface Next Step Adhesive,INTF,Interface,6389 - Undefined,356 - Undefined,,,2060 - Undefined,1476 - Undefined,243 - Undefined,,,,175 - Undefined,,BNB,A,Purchased,1ADH,2ADH,Adhesive,Adhesive,*,*,EA,EA,1.0,102775,"Interface Americas, Inc.",,,INTF,False,False,Interface,True,No,,,,,,,,,,,Not Processed
326313,165361-033,Interface-Entropy NexStep (146480250A)-Tufted Tip Shear-19.69in x 19.69in-Baltic (7232),INTF,Interface,7813 - Entropy NexStep,,,82566 - Baltic (7232),2645 - Tufted Tip Shear,494 - 19.69in x 19.69in,,35 - 20 oz,,,175 - Undefined,,SPCB,A,Purchased,1CPT,2CPT,Carpet Tile,Carpet Tile,*,*,SY,SY,1.0,102775,"Interface Americas, Inc.",,,INTF,False,False,Interface,True,No,Entropy NexStep,146480250A,,Tufted Tip Shear,19.69in x 19.69in,Baltic,7232,,,,Processed
250171,149940-005,Interface I Line (13835) Tufted Texture Loop 19.69in x 19.69in - Login (8060),INTF,Interface,3615 - I Line,,,92210 - Login (8060),2023 - Tufted Texture Loop,494 - 19.69in x 19.69in,,24 - 17 oz,,,175 - Undefined,,SPCB,A,Purchased,1CPT,2CPT,Carpet Tile,Carpet Tile,*,*,SY,SY,1.0,102775.0,"Interface Americas, Inc.",,,INTF,False,False,Interface,True,No,I Line,13835,Tufted,Texture Loop ,19.69in x 19.69in,Login,8060,,,,Processed
183082,141239-005,Interface Plain Weave (1381502500) Tufted Texture Loop 19.69in x 19.69in - Nomadic (6096),INTF,Interface,4849 - Plain Weave,,,140746 - Nomadic (6096),2023 - Tufted Texture Loop,494 - 19.69in x 19.69in,,43 - 24 oz.,,,69 - GlasBac,,SPCB,A,Purchased,1CPT,2CPT,Carpet Tile,Carpet Tile,*,*,SY,SY,1.0,102775.0,"Interface Americas, Inc.",,,INTF,False,False,Interface,True,No,Plain Weave,1381502500,Tufted,Texture Loop ,19.69in x 19.69in,Nomadic,6096,,,,Processed
373599,212887-006,Interface Open Air 403 (1634302500) Tufted Texture Loop 50cm x 50cm - Nickel (106732),INTF,Interface,4653 - Open Air 403,,,233161 - Nickel (106732),2023 - Tufted Texture Loop,825 - 50cm x 50cm,,28 - 18 oz.,,,69 - GlasBac,,SPL,A,Purchased,1CPT,2CPT,Carpet Tile,Carpet Tile,*,*,SY,SY,1.0,999999,SUPPLIER PLACEHOLDER,,,INTF,False,False,Interface,True,No,Open Air 403,1634302500,Tufted,Texture Loop ,50cm x 50cm,Nickel,106732,,,,Processed
142428,209062-016,Interface Scorpio (A017xx) 22 mil High Performance LVT 50cm x 50cm 4.5 mm - Silverlight (16),INTF,Interface,5435 - Scorpio,,,250793 - Silverlight (16),329 - 22 mil High Performance LVT,825 - 50cm x 50cm,181 - 4.5 mm,,,,,,SPB,A,Purchased,1VNL,2LVT,Vinyl,LVT,*,*,SF,SF,1.0,102775,"Interface Americas, Inc.",,,INTF,False,False,Interface,True,No,Scorpio,A017xx,22,mil High Performance LVT ,50cm x 50cm 4.5 mm,Silverlight,16,,,,Processed
315153,172263-001,Interface-Axtile/M0369 GlasBac (1243102500)-Tufted Cut & Loop-19.69in x 19.69in-Hazel (7356),INTF,Interface,2734 - Axtile/M0369 GlasBac,356 - Undefined,,60529 - Hazel (7356),1996 - Tufted Cut & Loop,494 - 19.69in x 19.69in,243 - Undefined,42 - 23 oz.,,,175 - Undefined,,SPCB,A,Purchased,1CPT,2CPT,Carpet Tile,Carpet Tile,*,*,SY,SY,1.0,102775.0,"Interface Americas, Inc.",,,INTF,False,False,Interface,True,No,Axtile/M0369 GlasBac,1243102500,,Tufted Cut & Loop,19.69in x 19.69in,Hazel,7356,,,,Processed
205475,128936-024,Interface Entropy (146480250H) Tufted Tip Shear 19.69in x 19.69in - Juniper (4990),INTF,Interface,7812 - Entropy,,,93308 - Juniper (4990),2645 - Tufted Tip Shear,494 - 19.69in x 19.69in,,35 - 20 oz,,,73 - GlasBacRE,,SPCB,A,Purchased,1CPT,2CPT,Carpet Tile,Carpet Tile,*,*,SY,SY,1.0,102775,"Interface Americas, Inc.",,,INTF,False,False,Interface,True,No,Entropy,146480250H,Tufted,Tip Shear ,19.69in x 19.69in,Juniper,4990,,,,Processed
289705,195696-002,Interface On Line Unbacked 6'6in - Loam (103781),INTF,Interface,4638 - On Line,,87 - 6'6in,46748 - Loam (103781),2029 - Tufted Textured Loop,,,40 - 21 oz.,,,173 - Unbacked,,SPCB,A,Purchased,1CBL,2CBL,Carpet BL,Carpet BL,*,*,SY,SY,1.0,102775,"Interface Americas, Inc.",,,INTF,False,False,Interface,True,No,On,,,,6'6in,Loam,103781,,,Line Unbacked ,Processed
245372,143351-001,Interface Syncopation (1240202500) Tufted Cut & Loop 19.69in x 19.69in - Top Soil (3294),INTF,Interface,6021 - Syncopation,,,3524 - Top Soil (3294),1996 - Tufted Cut & Loop,494 - 19.69in x 19.69in,,50 - 26 oz,,,69 - GlasBac,,SPCB,A,Purchased,1CPT,2CPT,Carpet Tile,Carpet Tile,*,*,SY,SY,1.0,102775.0,"Interface Americas, Inc.",,,INTF,False,False,Interface,True,No,Syncopation,1240202500,Tufted,Cut & Loop ,19.69in x 19.69in,Top Soil,3294,,,,Processed
392077,1000037823,Interface Third Space 303 (1680702500) 50cm x 50cm GlasBac - Amber (107884),INTF,Interface,,,,,,,,,,,,,SPTG,A,Purchased,1CPT,2CPT,Carpet Tile,Carpet Tile,,,SY,SY,1.0,102775,"Interface Americas, Inc.",,,INTF,False,False,Interface,True,No,Third Space 303,1680702500,,,50cm x 50cm,Amber,107884,,,GlasBac ,Processed
285635,195434-002,Interface Native Fabric (A008xx) Luxury Vinyl Plank 22 mil 50cm x 50cm 4.5 mm - Seagrass (02),INTF,Interface,9354 - Native Fabric,,,64340 - Seagrass (02),1438 - Luxury Vinyl Plank 22 mil,825 - 50cm x 50cm,181 - 4.5 mm,,,,,,SPCB,A,Purchased,1VNL,2VCT,Vinyl,VCT,*,*,SF,,,,,,,INTF,False,False,Interface,True,No,Native Fabric,A008xx,Luxury,Vinyl Plank 22 mil ,50cm x 50cm 4.5 mm,Seagrass,02,,,,Processed
299021,181828-004,Interface Cartera Pattern Library MO575 (MO575) Undefined 19.69in x 19.69in - Cilantro (101514),INTF,Interface,3393 - Cartera Pattern Library MO575,,,116839 - Cilantro (101514),2060 - Undefined,494 - 19.69in x 19.69in,,152 - Undefined,,,69 - GlasBac,,SPCB,A,Purchased,1CPT,2CPT,Carpet Tile,Carpet Tile,*,*,SY,SY,1.0,102775.0,"Interface Americas, Inc.",,,INTF,False,False,Interface,True,No,Cartera Pattern Library MO575,MO575,Undefined,19,.69in x 19.69in,Cilantro,101514,,,,Processed
268514,188990-004,Interface CE172 (13880AK00) Tufted Tip-Sheared 25cm x 1m - Kimono (104957),INTF,Interface,778 - CE172,,,1561 - Kimono (104957),2039 - Tufted Tip-Sheared,903 - 25cm x 1m,,42 - 23 oz.,,,69 - GlasBac,,SPCB,A,Purchased,1CPT,2CPT,Carpet Tile,Carpet Tile,*,*,SY,,,,,,,INTF,False,False,Interface,True,No,CE172,13880AK00,Tufted,Tip-Sheared ,25cm x 1m,Kimono,104957,,,,Processed
231298,104065-029,Interface Caribbean (16607) 6'6in - Aruba (3074),INTF,Interface,3375 - Caribbean,,87 - 6'6in,58555 - Aruba (3074),2029 - Tufted Textured Loop,,,43 - 24 oz.,,,175 - Undefined,,SPCB,A,Purchased,1CBL,2CBL,Carpet BL,Carpet BL,*,*,SY,SY,1.0,102775.0,"Interface Americas, Inc.",,,INTF,False,False,Interface,True,No,Caribbean,16607,,,6'6in,Aruba,3074,,,,Processed
68995,036374,INTERFACE\EVEN PATH STONES\A07008 MERCURY\50CMX1M,INTF,Interface,,,,,,,,,,,,,CTS,O,Purchased,GM,PR,,,0302,03,CTN,SF,0.046511628,100796,DNU (102775) Interface Americas,,,INTF,False,False,INTERFACE,True,Yes,,,,,50CMX1M,,,EVEN PATH STONES,A07008 MERCURY,,Processed
312196,170925-024,Interface Smithfield Strip GlasBac (1416002500) Tufted Sheared 19.69in x 19.69in - Shropshire (102745),INTF,Interface,5642 - Smithfield Strip GlasBac,,,88078 - Shropshire (102745),2021 - Tufted Sheared,494 - 19.69in x 19.69in,,42 - 23 oz.,,,175 - Undefined,,SPCB,A,Purchased,1CPT,2CPT,Carpet Tile,Carpet Tile,*,*,SY,SY,1.0,102775.0,"Interface Americas, Inc.",,,INTF,False,False,Interface,True,No,Smithfield Strip GlasBac,1416002500,Tufted,Sheared ,19.69in x 19.69in,Shropshire,102745,,,,Processed
397451,208758-016,Interface Shiver Me Timbers Unbacked 6.56' - Hickory (103936),INTF,Interface,10512 - Shiver Me Timbers,,93 - 6.56',65739 - Hickory (103936),2646 - Tufted Tip Sheared,,,28 - 18 oz.,,,173 - Unbacked,,SPW,A,Purchased,1CBL,2CBL,Carpet BL,Carpet BL,*,*,SY,SY,1.0,102775,"Interface Americas, Inc.",,,INTF,False,False,Interface,True,No,,,,,,,,,,,Not Processed
2064,124047-000,Interface Jakarta II (16171) Tufted Tip Shear 19.69in x 19.69in - To Be Selected (TBS),INTF,Interface,3786 - Jakarta II,,,118967 - To Be Selected (TBS),2645 - Tufted Tip Shear,494 - 19.69in x 19.69in,,43 - 24 oz.,,,175 - Undefined,,BNB,A,Purchased,1CPT,2CPT,Carpet Tile,Carpet Tile,*,*,SY,,,,,,,INTF,False,False,Interface,True,No,Jakarta II,16171,Tufted,Tip Shear ,19.69in x 19.69in,To Be Selected,TBS,,,,Processed
128748,177861-001,Interface Net Effect B603 GlasBac (1266802500) Tufted Patterned Loop 50cm x 50cm - Black Sea (102920),INTF,Interface,9422 - Net Effect B603 GlasBac,,,14777 - Black Sea (102920),2014 - Tufted Patterned Loop,825 - 50cm x 50cm,,42 - 23 oz.,,,175 - Undefined,,PARTS,A,Purchased,1CPT,2CPT,Carpet Tile,Carpet Tile,*,*,SY,SY,1.0,102775,"Interface Americas, Inc.",,,INTF,False,False,Interface,True,No,Net Effect B603 GlasBac,1266802500,Tufted,Patterned Loop ,50cm x 50cm,Black Sea,102920,,,,Processed
395967,1000027716,Interface Step Repeat (SR699) 25cm x 1cm - Dark Brown (104913),INTF,Interface,,,,,,,,,,,,,SPTM,A,Purchased,1CPT,2CPT,Carpet Tile,Carpet Tile,*,*,SY,SY,1.0,102775,"Interface Americas, Inc.",,,INTF,False,False,Interface,True,No,Step Repeat,SR699,,,25cm x 1cm,Dark Brown,104913,,,,Processed
65083,011979,INTERFACE\SR899 STEP REPEAT\104939 GRANITE\50CMX50CM,INTF,Interface,,,,,,,,,,,,,CTS,O,Purchased,1CPT,2CPT,Carpet Tile,Carpet Tile,0102,01,CTN,SY,0.16722408,100796,DNU (102775) Interface Americas,,,INTF,False,False,INTERFACE,True,Yes,,,,,50CMX50CM,,,SR899 STEP REPEAT,104939 GRANITE,,Processed
267479,204211-004,Interface Mercer Street (1427902500) Tufted Pattern Loop 19.69in x 19.69in - Steel Circle (105765),INTF,Interface,4217 - Mercer Street,,,91356 - Steel Circle (105765),2630 - Tufted Pattern Loop,494 - 19.69in x 19.69in,,42 - 23 oz.,,,69 - GlasBac,,SPCB,A,Purchased,1CPT,2CPT,Carpet Tile,Carpet Tile,*,*,SY,SY,1.0,102775.0,"Interface Americas, Inc.",,,INTF,False,False,Interface,True,No,Mercer Street,1427902500,Tufted,Pattern Loop ,19.69in x 19.69in,Steel Circle,105765,,,,Processed
249477,150801-014,Interfaceflor 1st Avenue (13717) Tufted Cut Pile 19.69in x 19.69in - Teal (8149),IFFR,Interfaceflor,17 - 1st Avenue,,,93064 - Teal (8149),1998 - Tufted Cut Pile,494 - 19.69in x 19.69in,,152 - Undefined,,,175 - Undefined,,SPCB,A,Purchased,1CPT,2CPT,Carpet Tile,Carpet Tile,*,*,SY,SY,1.0,102775.0,"Interface Americas, Inc.",,,IFFR,False,False,Interfaceflor,True,No,1st Avenue,13717,Tufted,Cut Pile ,19.69in x 19.69in,Teal,8149,,,,Processed
253426,168110-003,Interface S102 GlasBac RE (142410250H) Tufted Patterned Loop 19.69in x 19.69in - Grey (9528),INTF,Interface,10317 - S102 GlasBac RE,,,113316 - Grey (9528),2014 - Tufted Patterned Loop,494 - 19.69in x 19.69in,,21 - 16 oz.,,,175 - Undefined,,SPCB,A,Purchased,1CPT,2CPT,Carpet Tile,Carpet Tile,*,*,SY,SY,1.0,102775.0,"Interface Americas, Inc.",,,INTF,False,False,Interface,True,No,S102 GlasBac RE,142410250H,Tufted,Patterned Loop ,19.69in x 19.69in,Grey,9528,,,,Processed
389615,1000012626,Interface Woven Gradience (WG100) Glasbac 50cm x 50cm Ash (108053),INTF,Interface,,,,,,,,,,,,,SPT,A,Purchased,1CPT,2CPT,Carpet Tile,Carpet Tile,*,*,SY,SY,1.0,102775,"Interface Americas, Inc.",,,INTF,False,False,Interface,True,No,,,,,,,,,,,Not Processed
72799,034481,INTERFACE\WW890\105389 RAFFIA DOBBY\25CMX1M,INTF,Interface,,,,,,,,,,,,,CTS,O,Purchased,GM,PR,,,0102,01,CTN,SY,0.16722408,100796,DNU (102775) Interface Americas,,,INTF,False,False,INTERFACE,True,Yes,,,,,25CMX1M,,,WW890,105389 RAFFIA DOBBY,,Processed
50505,1000021419,Interface Flor Fully Barked 19.69 in x 19.69 in (50 cm x 50 cm) Color: Pigeon,INTF,Interface,,,,,,,,,,,,,CCSG,A,Purchased,1CPT,2CPT,Carpet Tile,Carpet Tile,*,,SY,SY,1.0,102775,"Interface Americas, Inc.",,,INTF,False,False,Interface,True,No,,,,,,,,,,,Not Processed
315789,169351-003,Interface Primary Stitch (1462102500) Tufted Texture Loop 19.69in x 19.69in - Moss/Accent (102413),INTF,Interface,9941 - Primary Stitch,,,82459 - Moss/Accent (102413),2023 - Tufted Texture Loop,494 - 19.69in x 19.69in,,16 - 15 oz.,,,69 - GlasBac,,SPCB,A,Purchased,1CPT,2CPT,Carpet Tile,Carpet Tile,*,*,SY,SY,1.0,102775.0,"Interface Americas, Inc.",,,INTF,False,False,Interface,True,No,Primary Stitch,1462102500,Tufted,Texture Loop ,19.69in x 19.69in,Moss/Accent,102413,,,,Processed
227682,102181-003,Interface Tapestry Plus Undefined Undefined - Constaninople (2449),INTF,Interface,10965 - Tapestry Plus,,,12548 - Constaninople (2449),2060 - Undefined,1476 - Undefined,,152 - Undefined,,,175 - Undefined,,SPCB,A,Purchased,1CPT,2CPT,Carpet Tile,Carpet Tile,*,*,SY,SY,1.0,102775.0,"Interface Americas, Inc.",,,INTF,False,False,Interface,True,No,,,,,,,,,,,Not Processed
63224,014004,INTERFACE\CT101 COMMON THEME\103980 SAGE\50CMX50CM,INTF,Interface,,,,,,,,,,,,,CTS,O,Purchased,GM,PR,,,0102,01,CTN,SY,0.16722408,100796,DNU (102775) Interface Americas,,,INTF,False,False,INTERFACE,True,Yes,,,,,50CMX50CM,,,CT101 COMMON THEME,103980 SAGE,,Processed
53059,000424,INTERFACE\GLASBAC\500 FT,INTF,Interface,,,,,,,,,,,,,CTS,O,Purchased,GM,PR,,,0105,01,CTN,CTN,1.0,999999,SUPPLIER PLACEHOLDER,,,INTF,False,False,INTERFACE,True,Yes,,,,,,,,,,,Not Processed
70727,034540,INTERFACE\NATURAL STONES\A00102 MARONE DARK MARBLE\50CMX50XM,INTF,Interface,,,,,,,,,,,,,CTS,O,Purchased,GM,PR,,,0302,03,CTN,SF,0.037160907,100796,DNU (102775) Interface Americas,,,INTF,False,False,INTERFACE,True,Yes,,,,,50CMX50XM,,,NATURAL STONES,A00102 MARONE DARK MARBLE,,Processed
389795,1000010448,Interface AE311 Aerial (138830AK00) 25cm x 1m Glasbac - Greige (104672),INTF,Interface,,,,,,,,,,,,,SPT,A,Purchased,1CPT,2CPT,Carpet Tile,Carpet Tile,*,*,SY,SY,1.0,100796,DNU (102775) Interface Americas,,,INTF,False,False,Interface,True,No,AE311 Aerial,138830AK00,,,25cm x 1m,Greige,104672,,,Glasbac ,Processed
13661,173974-000,Interface On Board (1236302500) Tufted Cut & Loop 19.69in x 19.69in - To Be Selected (TBS),INTF,Interface,9581 - On Board,,,118967 - To Be Selected (TBS),1996 - Tufted Cut & Loop,494 - 19.69in x 19.69in,,41 - 22 oz.,,,69 - GlasBac,,BNB,A,Purchased,1CPT,2CPT,Carpet Tile,Carpet Tile,*,*,SY,SY,1.0,102775,"Interface Americas, Inc.",,,INTF,False,False,Interface,True,No,On Board,1236302500,Tufted,Cut & Loop ,19.69in x 19.69in,To Be Selected,TBS,,,,Processed
72480,023750,INTERFACE\HN840 HUMAN NATURE\104221 FLINT\25CMX1M,INTF,Interface,,,,,,,,,,,,,CTS,O,Purchased,1CPT,2CPT,Carpet Tile,Carpet Tile,0102,01,CTN,SY,0.209205021,100796,DNU (102775) Interface Americas,,,INTF,False,False,INTERFACE,True,Yes,,,,,25CMX1M,,,HN840 HUMAN NATURE,104221 FLINT,,Processed
131425,1000029981,Interface Cliff 25cm x 1m 4.5MM - Alabaster (A02404),INTF,Interface,,,,,,,,,,,,,PSC,A,Purchased,1VNL,2LVP,Vinyl,LVP,*,*,SF,SF,1.0,102775,"Interface Americas, Inc.",,,INTF,False,False,Interface,True,No,,,,,,,,,,,Not Processed
297488,181130-009,Interface Human Nature HN810 (127610AKOH) Tufted Patterned Loop 25cm x 1m - Custom (182994),INTF,Interface,3603 - Human Nature HN810,,,19344 - Custom (182994),2014 - Tufted Patterned Loop,903 - 25cm x 1m,,152 - Undefined,,,71 - GlasBac RE,,SPCB,A,Purchased,1CPT,2CPT,Carpet Tile,Carpet Tile,*,*,SY,SY,1.0,102775,"Interface Americas, Inc.",,,INTF,False,False,Interface,True,No,Human Nature HN810,127610AKOH,Tufted,Patterned Loop ,25cm x 1m,Custom,182994,,,,Processed
20300,1000003441,Interface-Third Space 306 (1681002500)-GlasBac-50cm x 1m-Oat (107930),INTF,Interface,,,,,,,,,,,,,BNB,A,Purchased,1CPT,2CPT,Carpet Tile,Carpet Tile,*,*,SY,SY,1.0,1070,"Noble Flooring, LLC",,,INTF,False,False,Interface,True,No,Third Space 306,1681002500,,GlasBac,50cm x 1m,Oat,107930,,,,Processed
208947,128146-001,Interface Shizen Ni (16636) Tufted Texture Loop 19.69in x 19.69in - Bamboo (2319),INTF,Interface,5563 - Shizen Ni,,,131641 - Bamboo (2319),2023 - Tufted Texture Loop,494 - 19.69in x 19.69in,,42 - 23 oz.,,,175 - Undefined,,SPCB,A,Purchased,1CPT,2CPT,Carpet Tile,Carpet Tile,*,*,SY,SY,1.0,102775,"Interface Americas, Inc.",,,INTF,False,False,Interface,True,No,Shizen Ni,16636,Tufted,Texture Loop ,19.69in x 19.69in,Bamboo,2319,,,,Processed
309725,176062-011,Interface UR501 (127340AK0002500) Tufted Sheared 25cm x 1m - Ash (103617),INTF,Interface,11310 - UR501,,,69905 - Ash (103617),2021 - Tufted Sheared,903 - 25cm x 1m,,47 - 25 oz.,,,69 - GlasBac,,SPCB,A,Purchased,1CPT,2CPT,Carpet Tile,Carpet Tile,*,*,SY,SY,1.0,102775.0,"Interface Americas, Inc.",,,INTF,False,False,Interface,True,No,UR501,127340AK0002500,Tufted,Sheared ,25cm x 1m,Ash,103617,,,,Processed
298192,186174-010,Interface-Weimar (124210250A)-Tufted Cut & Loop-19.69in x 19.69in-Citron (6966),INTF,Interface,11538 - Weimar,356 - Undefined,,760 - Citron (6966),1996 - Tufted Cut & Loop,494 - 19.69in x 19.69in,243 - Undefined,43 - 24 oz.,,,102 - NexStep,,SPCB,A,Purchased,1CPT,2CPT,Carpet Tile,Carpet Tile,*,*,SY,SY,1.0,102775,"Interface Americas, Inc.",,,INTF,False,False,Interface,True,No,Weimar,124210250A,,Tufted Cut & Loop,19.69in x 19.69in,Citron,6966,,,,Processed
242799,149936-005,Interface I Circle (13839) Tufted Texture Loop 19.69in x 19.69in - Blog (8106),INTF,Interface,3614 - I Circle,,,5887 - Blog (8106),2023 - Tufted Texture Loop,494 - 19.69in x 19.69in,,24 - 17 oz,,,175 - Undefined,,SPCB,A,Purchased,1CPT,2CPT,Carpet Tile,Carpet Tile,*,*,SY,SY,1.0,102775.0,"Interface Americas, Inc.",,,INTF,False,False,Interface,True,No,I Circle,13839,Tufted,Texture Loop ,19.69in x 19.69in,Blog,8106,,,,Processed
178821,135599-008,Interface Route 66 II (16711) 6' - Santa Fe (5189),INTF,Interface,10282 - Route 66 II,,78 - 6',85150 - Santa Fe (5189),2029 - Tufted Textured Loop,,,42 - 23 oz.,,,175 - Undefined,,SPCB,A,Purchased,1CBL,2CBL,Carpet BL,Carpet BL,*,*,SY,SY,1.0,102775.0,"Interface Americas, Inc.",,,INTF,False,False,Interface,True,No,,,,,,,,,,,Not Processed
171718,135599-017,Interface Route 66 II (16711) 6' - Winslow (5198),INTF,Interface,10282 - Route 66 II,,78 - 6',101186 - Winslow (5198),2029 - Tufted Textured Loop,,,42 - 23 oz.,,,175 - Undefined,,SPCB,A,Purchased,1CBL,2CBL,Carpet BL,Carpet BL,*,*,SY,SY,1.0,102775.0,"Interface Americas, Inc.",,,INTF,False,False,Interface,True,No,,,,,,,,,,,Not Processed
231777,102185-016,Interface Boucle Grid (16129) Tufted Texture Loop 19.69in x 19.69in - Clove (1916),INTF,Interface,599 - Boucle Grid,,,103770 - Clove (1916),2023 - Tufted Texture Loop,494 - 19.69in x 19.69in,,43 - 24 oz.,,,175 - Undefined,,SPCB,A,Purchased,1CPT,2CPT,Carpet Tile,Carpet Tile,*,*,SY,SY,1.0,102775.0,"Interface Americas, Inc.",,,INTF,False,False,Interface,True,No,Boucle Grid,16129,Tufted,Texture Loop ,19.69in x 19.69in,Clove,1916,,,,Processed
189319,144362-001,Interface Cotswold (1382202500) Tufted Texture Loop 19.69in x 19.69in - Chiltern (6546),INTF,Interface,1179 - Cotswold,,,2527 - Chiltern (6546),2023 - Tufted Texture Loop,494 - 19.69in x 19.69in,,41 - 22 oz.,,,175 - Undefined,,SPCB,A,Purchased,1CPT,2CPT,Carpet Tile,Carpet Tile,*,*,SY,SY,1.0,102775.0,"Interface Americas, Inc.",,,INTF,False,False,Interface,True,No,Cotswold,1382202500,Tufted,Texture Loop ,19.69in x 19.69in,Chiltern,6546,,,,Processed
232589,104065-006,Interface Caribbean (16607) 6'6in - Angelfish (3043),INTF,Interface,3375 - Caribbean,,87 - 6'6in,7131 - Angelfish (3043),2029 - Tufted Textured Loop,,,43 - 24 oz.,,,175 - Undefined,,SPCB,A,Purchased,1CBL,2CBL,Carpet BL,Carpet BL,*,*,SY,SY,1.0,102775.0,"Interface Americas, Inc.",,,INTF,False,False,Interface,True,No,Caribbean,16607,,,6'6in,Angelfish,3043,,,,Processed
249592,162382-003,Interface Tectonics (14137) Tufted Texture Loop 19.69in x 19.69in - Circuit (100058),INTF,Interface,11006 - Tectonics,,,21447 - Circuit (100058),2023 - Tufted Texture Loop,494 - 19.69in x 19.69in,,40 - 21 oz.,,,175 - Undefined,,SPCB,A,Purchased,1CPT,2CPT,Carpet Tile,Carpet Tile,*,*,SY,SY,1.0,102775.0,"Interface Americas, Inc.",,,INTF,False,False,Interface,True,No,Tectonics,14137,Tufted,Texture Loop ,19.69in x 19.69in,Circuit,100058,,,,Processed
43504,140597-000,Interface Willow (1676002500) Tufted Texture Loop 19.69in x 19.69in - To Be Selected (TBS),INTF,Interface,11570 - Willow,,,118967 - To Be Selected (TBS),2023 - Tufted Texture Loop,494 - 19.69in x 19.69in,,28 - 18 oz.,,,175 - Undefined,,CCS,A,Purchased,1CPT,2CPT,Carpet Tile,Carpet Tile,*,*,SY,SY,1.0,102775,"Interface Americas, Inc.",,,INTF,False,False,Interface,True,No,Willow,1676002500,Tufted,Texture Loop ,19.69in x 19.69in,To Be Selected,TBS,,,,Processed
252743,167438-027,Interfaceflor Rake Me Over Cut Pile 19.69in x 19.69in - Cream (100783),IFFR,Interfaceflor,10063 - Rake Me Over,,,84711 - Cream (100783),884 - Cut Pile,494 - 19.69in x 19.69in,,89 - 42 oz,,,69 - GlasBac,,SPCB,A,Purchased,1CPT,2CPT,Carpet Tile,Carpet Tile,*,*,SY,SY,1.0,102775.0,"Interface Americas, Inc.",,,IFFR,False,False,Interfaceflor,True,No,Rake,,Me,Over Cut Pile ,19.69in x 19.69in,Cream,100783,,,,Processed
231794,102189-011,Interface Furrows (16663) Tufted Texture Loop 19.69in x 19.69in - Rye (1450),INTF,Interface,3011 - Furrows,,,42041 - Rye (1450),2023 - Tufted Texture Loop,494 - 19.69in x 19.69in,,24 - 17 oz,,,175 - Undefined,,SPCB,A,Purchased,1CPT,2CPT,Carpet Tile,Carpet Tile,*,*,SY,SY,1.0,102775.0,"Interface Americas, Inc.",,,INTF,False,False,Interface,True,No,Furrows,16663,Tufted,Texture Loop ,19.69in x 19.69in,Rye,1450,,,,Processed
244021,148817-007,Interface Hannover (12423) Tufted Cut & Loop 19.69in x 19.69in - Marsh (6719),INTF,Interface,3171 - Hannover,,,57822 - Marsh (6719),1996 - Tufted Cut & Loop,494 - 19.69in x 19.69in,,43 - 24 oz.,,,175 - Undefined,,SPCB,A,Purchased,1CPT,2CPT,Carpet Tile,Carpet Tile,*,*,SY,SY,1.0,102775.0,"Interface Americas, Inc.",,,INTF,False,False,Interface,True,No,Hannover,12423,Tufted,Cut & Loop ,19.69in x 19.69in,Marsh,6719,,,,Processed
3612,148817-000,Interface Hannover (12423) Tufted Cut & Loop 19.69in x 19.69in - To Be Selected (TBS),INTF,Interface,3171 - Hannover,,,118967 - To Be Selected (TBS),1996 - Tufted Cut & Loop,494 - 19.69in x 19.69in,,43 - 24 oz.,,,175 - Undefined,,BNB,A,Purchased,1CPT,2CPT,Carpet Tile,Carpet Tile,*,*,SY,SY,1.0,102775,"Interface Americas, Inc.",,,INTF,False,False,Interface,True,No,Hannover,12423,Tufted,Cut & Loop ,19.69in x 19.69in,To Be Selected,TBS,,,,Processed
75460,030084,INTERFACE\CLOUD COVER\105712 FOREST\50CMX50CM,INTF,Interface,,,,,,,,,,,,,CTS,O,Purchased,GM,PR,,,0102,01,CTN,SY,0.16722408,100796,DNU (102775) Interface Americas,,,INTF,False,False,INTERFACE,True,Yes,,,,,50CMX50CM,,,CLOUD COVER,105712 FOREST,,Processed
251732,161536-002,Interface Reissued (12323) Tufted Cut & Loop 19.69in x 19.69in - Chartreuse (8938),INTF,Interface,10124 - Reissued,,,101107 - Chartreuse (8938),1996 - Tufted Cut & Loop,494 - 19.69in x 19.69in,,42 - 23 oz.,,,175 - Undefined,,SPCB,A,Purchased,1CPT,2CPT,Carpet Tile,Carpet Tile,*,*,SY,SY,1.0,102775.0,"Interface Americas, Inc.",,,INTF,False,False,Interface,True,No,Reissued,12323,Tufted,Cut & Loop ,19.69in x 19.69in,Chartreuse,8938,,,,Processed
298058,179550-027,Interface Ground Waves (138730AK00) Tufted Texture Loop 25cm x 1m - Custom (269864-019),INTF,Interface,3149 - Ground Waves,,,12310 - Custom (269864-019),2023 - Tufted Texture Loop,903 - 25cm x 1m,,21 - 16 oz.,,,69 - GlasBac,,SPCB,A,Purchased,1CPT,2CPT,Carpet Tile,Carpet Tile,*,*,SY,SY,1.0,102775,"Interface Americas, Inc.",,,INTF,False,False,Interface,True,No,Ground Waves,138730AK00,Tufted,Texture Loop ,25cm x 1m,Custom,269864-019,,,,Processed
309495,168793-005,Interface Prairie Grass (123490250H) Tufted Cut & Loop 19.69in x 19.69in - Wilderness (9318),INTF,Interface,4945 - Prairie Grass,,,60918 - Wilderness (9318),1996 - Tufted Cut & Loop,494 - 19.69in x 19.69in,,42 - 23 oz.,,,71 - GlasBac RE,,SPCB,A,Purchased,1CPT,2CPT,Carpet Tile,Carpet Tile,*,*,SY,,,,,,,INTF,False,False,Interface,True,No,Prairie Grass,123490250H,Tufted,Cut & Loop ,19.69in x 19.69in,Wilderness,9318,,,,Processed
121807,1000036065,Interface World Woven (WW890) 9 X 39 Glasbac - Raffia Dobby (105389),INTF,Interface,,,,,,,,,,,,,KFC,A,Purchased,1CPT,2CPT,Carpet Tile,Carpet Tile,,,SY,SY,1.0,999999,SUPPLIER PLACEHOLDER,,,INTF,False,False,Interface,True,No,,,,,,,,,,,Not Processed
256331,153332-010,Interface Level Two (13828) Tufted Texture Loop 39.37in x 39.37in - Limestone (6109),INTF,Interface,8839 - Level Two,,,63721 - Limestone (6109),2023 - Tufted Texture Loop,1028 - 39.37in x 39.37in,,41 - 22 oz.,,,175 - Undefined,,SPCB,A,Purchased,1CPT,2CPT,Carpet Tile,Carpet Tile,*,*,SY,SY,1.0,102775.0,"Interface Americas, Inc.",,,INTF,False,False,Interface,True,No,Level Two,13828,Tufted,Texture Loop ,39.37in x 39.37in,Limestone,6109,,,,Processed
73377,024909,INTERFACE\UR501\103607 GOLD\25CMX1M,INTF,Interface,,,,,,,,,,,,,CTS,O,Purchased,GM,PR,,,0102,01,CTN,SY,0.16722408,100796,DNU (102775) Interface Americas,,,INTF,False,False,INTERFACE,True,Yes,,,,,25CMX1M,,,UR501,103607 GOLD,,Processed
232003,103428-036,Interface Caribbean (16607) Tufted Texture Loop 19.69in x 19.69in - Squirrelfish (3064),INTF,Interface,3375 - Caribbean,,,30219 - Squirrelfish (3064),2023 - Tufted Texture Loop,494 - 19.69in x 19.69in,,43 - 24 oz.,,,175 - Undefined,,SPCB,A,Purchased,1CPT,2CPT,Carpet Tile,Carpet Tile,*,*,SY,SY,1.0,102775.0,"Interface Americas, Inc.",,,INTF,False,False,Interface,True,No,Caribbean,16607,Tufted,Texture Loop ,19.69in x 19.69in,Squirrelfish,3064,,,,Processed
245591,147825-001,Interface-Custom 4C3770ABSA (4C3770ABSA)-Tufted-19.69in x 39.38in-Custom Color (850401),INTF,Interface,1306 - Custom 4C3770ABSA,356 - Undefined,,132035 - Custom Color (850401),2608 - Tufted,221 - 19.69in x 39.38in,243 - Undefined,152 - Undefined,,,175 - Undefined,,SPCB,A,Purchased,1CPT,2CPT,Carpet Tile,Carpet Tile,*,*,SY,SY,1.0,102775.0,"Interface Americas, Inc.",,,INTF,False,False,Interface,True,No,Custom 4C3770ABSA,4C3770ABSA,,Tufted,19.69in x 39.38in,Custom Color,850401,,,,Processed
261152,152112-016,Interface Level 2 (13828) Tufted Texture Loop 19.69in x 19.69in - Coast (7699),INTF,Interface,3946 - Level 2,,,19867 - Coast (7699),2023 - Tufted Texture Loop,494 - 19.69in x 19.69in,,41 - 22 oz.,,,175 - Undefined,,SPCB,A,Purchased,1CPT,2CPT,Carpet Tile,Carpet Tile,*,*,SY,SY,1.0,102775.0,"Interface Americas, Inc.",,,INTF,False,False,Interface,True,No,Level 2,13828,Tufted,Texture Loop ,19.69in x 19.69in,Coast,7699,,,,Processed
79142,024021,INTERFACE\ON LINE\103799 LAPIS\25CMX1M,INTF,Interface,,,,,,,,,,,,,CTS,O,Purchased,GM,PR,,,0102,01,CTN,SY,0.16722408,100796,DNU (102775) Interface Americas,,,INTF,False,False,INTERFACE,True,Yes,,,,,25CMX1M,,,ON LINE,103799 LAPIS,,Processed
235948,104065-016,Interface Caribbean (16607) 6'6in - Lizardfish (3053),INTF,Interface,3375 - Caribbean,,87 - 6'6in,113625 - Lizardfish (3053),2029 - Tufted Textured Loop,,,43 - 24 oz.,,,175 - Undefined,,SPCB,A,Purchased,1CBL,2CBL,Carpet BL,Carpet BL,*,*,SY,SY,1.0,102775.0,"Interface Americas, Inc.",,,INTF,False,False,Interface,True,No,Caribbean,16607,,,6'6in,Lizardfish,3053,,,,Processed
266243,198003-009,Interface Night Flight (287202500) Tufted Patterned Loop 50cm x 50cm - Dark Sky (105703),INTF,Interface,4512 - Night Flight,,,62172 - Dark Sky (105703),2014 - Tufted Patterned Loop,825 - 50cm x 50cm,,43 - 24 oz.,,,69 - GlasBac,,SPCB,A,Purchased,1CPT,2CPT,Carpet Tile,Carpet Tile,*,*,SY,,,,,,,INTF,False,False,Interface,True,No,Night Flight,287202500,Tufted,Patterned Loop ,50cm x 50cm,Dark Sky,105703,,,,Processed
331708,165361-004,Interface-Entropy NexStep (146480250A)-Tufted Tip Shear-19.69in x 19.69in-Evolution (7203),INTF,Interface,7813 - Entropy NexStep,,,69181 - Evolution (7203),2645 - Tufted Tip Shear,494 - 19.69in x 19.69in,,35 - 20 oz,,,175 - Undefined,,SPCB,A,Purchased,1CPT,2CPT,Carpet Tile,Carpet Tile,*,*,SY,SY,1.0,102775,"Interface Americas, Inc.",,,INTF,False,False,Interface,True,No,Entropy NexStep,146480250A,,Tufted Tip Shear,19.69in x 19.69in,Evolution,7203,,,,Processed
73294,021795,INTERFACE\411 OPEN AIR\106983 STONE\25CMX1M,INTF,Interface,,,,,,,,,,,,,CTS,O,Purchased,GM,PR,,,0102,01,CTN,SY,0.16722408,100796,DNU (102775) Interface Americas,,,INTF,False,False,INTERFACE,True,Yes,,,,,25CMX1M,,,411 OPEN AIR,106983 STONE,,Processed
55540,014026,INTERFACE\PLAIN STITCH\105921 SLATE PLAIN\25CMX1M,INTF,Interface,,,,,,,,,,,,,CTS,A,Purchased,1CPT,2CPT,Carpet Tile,Carpet Tile,0102,01,CTN,SY,1.0,102775,"Interface Americas, Inc.",,,INTF,False,False,INTERFACE,True,Yes,,,,,25CMX1M,,,PLAIN STITCH,105921 SLATE PLAIN,,Processed
63729,009340,INTERFACE\TEXTURED WOODGRAINS\A00422 RUSTIC HICKORY\25CMX1M,INTF,Interface,,,,,,,,,,,,,CTS,O,Purchased,GM,PR,,,0302,03,CTN,SF,0.037160907,100796,DNU (102775) Interface Americas,,,INTF,False,False,INTERFACE,True,Yes,,,,,25CMX1M,,,TEXTURED WOODGRAINS,A00422 RUSTIC HICKORY,,Processed
301949,186410-011,Interface WE151 (125520AK00) Tufted Cut & Loop 25cm x 1m - Mica (104476),INTF,Interface,6642 - WE151,,,82364 - Mica (104476),1996 - Tufted Cut & Loop,903 - 25cm x 1m,,41 - 22 oz.,,,69 - GlasBac,,SPCB,A,Purchased,1CPT,2CPT,Carpet Tile,Carpet Tile,*,*,SY,SY,1.0,102775.0,"Interface Americas, Inc.",,,INTF,False,False,Interface,True,No,WE151,125520AK00,Tufted,Cut & Loop ,25cm x 1m,Mica,104476,,,,Processed
68738,011142,INTERFACE\DRIFTWOOD\104851 OAK\25CMX1M,INTF,Interface,,,,,,,,,,,,,CTS,O,Purchased,GM,PR,,,0102,01,CTN,SY,0.16722408,100796,DNU (102775) Interface Americas,,,INTF,False,False,INTERFACE,True,Yes,,,,,25CMX1M,,,DRIFTWOOD,104851 OAK,,Processed
224629,124022-058,Interface Paint Box (1666407700) 6'6 3/4in - Pumice (3600),INTF,Interface,9654 - Paint Box,,86 - 6'6 3/4in,95492 - Pumice (3600),2646 - Tufted Tip Sheared,,,43 - 24 oz.,,,175 - Undefined,,SPCB,A,Purchased,1CBL,2CBL,Carpet BL,Carpet BL,*,*,SY,SY,1.0,102775.0,"Interface Americas, Inc.",,,INTF,False,False,Interface,True,No,,,,,,,,,,,Not Processed
129324,191116-015,Interface-Level Set Textured Woodgrains (A004)-Luxury Vinyl Plank 22 mil-25cm x 1m-4.5 mm-Silver Dune (A00417),INTF,Interface,3949 - Level Set Textured Woodgrains,,,119469 - Silver Dune (A00417),1438 - Luxury Vinyl Plank 22 mil,903 - 25cm x 1m,181 - 4.5 mm,,,,,,PARTS,A,Purchased,1VNL,2VCT,Vinyl,VCT,*,*,SF,SF,1.0,102775,"Interface Americas, Inc.",,,INTF,False,False,Interface,True,No,Level Set Textured Woodgrains,A004,,Luxury Vinyl Plank 22 mil,25cm x 1m,4.5 mm-Silver Dune,A00417,,,,Processed
154813,182258-000,Interface-UR302 Nexstep (127000250A)-Tufted Patterned Loop-19.69in x 19.69in-To Be Selected (TBS),INTF,Interface,6431 - UR302 Nexstep,356 - Undefined,,118967 - To Be Selected (TBS),2014 - Tufted Patterned Loop,494 - 19.69in x 19.69in,243 - Undefined,40 - 21 oz.,,,175 - Undefined,,SPC,A,Purchased,1CPT,2CPT,Carpet Tile,Carpet Tile,*,*,SY,SY,1.0,102775,"Interface Americas, Inc.",,,INTF,False,False,Interface,True,No,UR302 Nexstep,127000250A,,Tufted Patterned Loop,19.69in x 19.69in,To Be Selected,TBS,,,,Processed
232627,102698-033,Interface Jakarta (16171) 6'6in - Blue Iris (2266),INTF,Interface,8674 - Jakarta,,87 - 6'6in,26253 - Blue Iris (2266),2646 - Tufted Tip Sheared,,,43 - 24 oz.,,,175 - Undefined,,SPCB,A,Purchased,1CBL,2CBL,Carpet BL,Carpet BL,*,*,SY,SY,1.0,102775.0,"Interface Americas, Inc.",,,INTF,False,False,Interface,True,No,Jakarta,16171,,,6'6in,Blue Iris,2266,,,,Processed
181384,143887-001,Interface Flannel (13710) Tufted Cut Pile 19.69in x 19.69in - Oxford (6457),INTF,Interface,2209 - Flannel,,,41507 - Oxford (6457),1998 - Tufted Cut Pile,494 - 19.69in x 19.69in,,43 - 24 oz.,,,175 - Undefined,,SPCB,A,Purchased,1CPT,2CPT,Carpet Tile,Carpet Tile,*,*,SY,SY,1.0,102775.0,"Interface Americas, Inc.",,,INTF,False,False,Interface,True,No,Flannel,13710,Tufted,Cut Pile ,19.69in x 19.69in,Oxford,6457,,,,Processed
60845,011171,INTERFACE\419 OPEN AIR\107053 NICKEL\50CMX50CM,INTF,Interface,,,,,,,,,,,,,CTS,O,Purchased,GM,PR,,,0102,01,CTN,SY,0.16722408,100796,DNU (102775) Interface Americas,,,INTF,False,False,INTERFACE,True,Yes,,,,,50CMX50CM,,,419 OPEN AIR,107053 NICKEL,,Processed
240290,143351-007,Interface Syncopation (1240202500) Tufted Cut & Loop 19.69in x 19.69in - Strata (3300),INTF,Interface,6021 - Syncopation,,,37079 - Strata (3300),1996 - Tufted Cut & Loop,494 - 19.69in x 19.69in,,50 - 26 oz,,,69 - GlasBac,,SPCB,A,Purchased,1CPT,2CPT,Carpet Tile,Carpet Tile,*,*,SY,SY,1.0,102775.0,"Interface Americas, Inc.",,,INTF,False,False,Interface,True,No,Syncopation,1240202500,Tufted,Cut & Loop ,19.69in x 19.69in,Strata,3300,,,,Processed
350410,1000015740,Interface-Woven Gradience Collection-Glassbac (WG100)-50cm x 50cm-Linen (108048),INTF,Interface,,,,,,,,,,,,,SPHU,A,Purchased,1CPT,2CPT,Carpet Tile,Carpet Tile,*,*,SY,SY,1.0,102775,"Interface Americas, Inc.",,,INTF,False,False,Interface,True,No,,,,,,,,,,,Not Processed
61807,011173,INTERFACE\419 OPEN AIR\107055 STONE\50CMX50CM,INTF,Interface,,,,,,,,,,,,,CTS,O,Purchased,GM,PR,,,0102,01,CTN,SY,0.16722408,100796,DNU (102775) Interface Americas,,,INTF,False,False,INTERFACE,True,Yes,,,,,50CMX50CM,,,419 OPEN AIR,107055 STONE,,Processed
364256,208758-000,Interface Shiver Me Timbers Unbacked 6.56' - To Be Selected (TBS),INTF,Interface,10512 - Shiver Me Timbers,,93 - 6.56',118967 - To Be Selected (TBS),2646 - Tufted Tip Sheared,,,28 - 18 oz.,,,173 - Unbacked,,SPJ,A,Purchased,1CBL,2CBL,Carpet BL,Carpet BL,*,*,SY,SY,1.0,999999,SUPPLIER PLACEHOLDER,,,INTF,False,False,Interface,True,No,,,,,,,,,,,Not Processed
314144,170362-011,Interface Striation GlasBac RE (139220250H) Tufted Sheared 19.69in x 19.69in - Osidian (100157),INTF,Interface,10836 - Striation GlasBac RE,,,113121 - Osidian (100157),2021 - Tufted Sheared,494 - 19.69in x 19.69in,,41 - 22 oz.,,,175 - Undefined,,SPCB,A,Purchased,1CPT,2CPT,Carpet Tile,Carpet Tile,*,*,SY,SY,1.0,102775.0,"Interface Americas, Inc.",,,INTF,False,False,Interface,True,No,Striation GlasBac RE,139220250H,Tufted,Sheared ,19.69in x 19.69in,Osidian,100157,,,,Processed
139978,208259-001,Interface Custom 255873 049 (19CX002500) Tufted Loop Cut Loop 19.69in x 19.69in - Custom (179711),INTF,Interface,21327 - Custom 255873 049,,,221098 - Custom (179711),5954 - Tufted Loop Cut Loop,494 - 19.69in x 19.69in,,40 - 21 oz.,,,69 - GlasBac,,SPA,A,Purchased,1CPT,2CPT,Carpet Tile,Carpet Tile,*,*,SY,SY,1.0,102775,"Interface Americas, Inc.",,,INTF,False,False,Interface,True,No,Custom 255873 049,19CX002500,Tufted,Loop Cut Loop ,19.69in x 19.69in,Custom,179711,,,,Processed
21803,169352-006,Interface Primary Stitch w/GlasBac RE (146210250H) Tufted Texture Loop 19.69in x 19.69in - Hem/Accent (102416),INTF,Interface,9943 - Primary Stitch w/GlasBac RE,,,131305 - Hem/Accent (102416),2023 - Tufted Texture Loop,494 - 19.69in x 19.69in,,10 - 14 oz,,,175 - Undefined,,BSC,A,Purchased,1CPT,2CPT,Carpet Tile,Carpet Tile,*,*,SY,SY,1.0,102775,"Interface Americas, Inc.",,,INTF,False,False,Interface,True,No,Primary Stitch w/GlasBac RE,146210250H,Tufted,Texture Loop ,19.69in x 19.69in,Hem/Accent,102416,,,,Processed
110718,1000049921,Interface Exposed (1383202500) 50cm x 50cm GlasBac - Soar (106056),INTF,Interface,,,,,,,,,,,,,DSL,A,Purchased,1CPT,2CPT,Carpet Tile,Carpet Tile,*,*,SY,SY,1.0,999999,SUPPLIER PLACEHOLDER,,,INTF,False,False,Interface,True,No,Exposed,1383202500,,,50cm x 50cm,Soar,106056,,,GlasBac ,Processed
57095,011845,INTERFACE\HONEY DO\105674 ECLIPSE\50CMX50CM,INTF,Interface,,,,,,,,,,,,,CTS,O,Purchased,GM,PR,,,0102,01,CTN,SY,0.16722408,100796,DNU (102775) Interface Americas,,,INTF,False,False,INTERFACE,True,Yes,,,,,50CMX50CM,,,HONEY DO,105674 ECLIPSE,,Processed
72336,024051,INTERFACE\ON LINE\105268 CITRON\25CMX1M,INTF,Interface,,,,,,,,,,,,,CTS,O,Purchased,GM,PR,,,0102,01,CTN,SY,0.16722408,100796,DNU (102775) Interface Americas,,,INTF,False,False,INTERFACE,True,Yes,,,,,25CMX1M,,,ON LINE,105268 CITRON,,Processed
232622,103092-004,Interface Tonal (14123) Tufted Texture Loop 19.69in x 19.69in - Midnight (2899),INTF,Interface,11122 - Tonal,,,65117 - Midnight (2899),2023 - Tufted Texture Loop,494 - 19.69in x 19.69in,,43 - 24 oz.,,,175 - Undefined,,SPCB,A,Purchased,1CPT,2CPT,Carpet Tile,Carpet Tile,*,*,SY,SY,1.0,102775.0,"Interface Americas, Inc.",,,INTF,False,False,Interface,True,No,Tonal,14123,Tufted,Texture Loop ,19.69in x 19.69in,Midnight,2899,,,,Processed
1396,137520-000,Interface Panorama (16714) Tufted Texture Loop 19.69in x 19.69in - To Be Selected (TBS),INTF,Interface,9671 - Panorama,,,118967 - To Be Selected (TBS),2023 - Tufted Texture Loop,494 - 19.69in x 19.69in,,28 - 18 oz.,,,175 - Undefined,,BNB,A,Purchased,1CPT,2CPT,Carpet Tile,Carpet Tile,*,*,SY,SY,1.0,102775,"Interface Americas, Inc.",,,INTF,False,False,Interface,True,No,Panorama,16714,Tufted,Texture Loop ,19.69in x 19.69in,To Be Selected,TBS,,,,Processed
331769,167405-010,Interface Bertola GlasBac RE (12317) Tufted Cut & Loop 19.69in x 19.69in - Pallido (8818),INTF,Interface,2840 - Bertola GlasBac RE,,,126882 - Pallido (8818),1996 - Tufted Cut & Loop,494 - 19.69in x 19.69in,,42 - 23 oz.,,,175 - Undefined,,SPCB,A,Purchased,1CPT,2CPT,Carpet Tile,Carpet Tile,*,*,SY,SY,1.0,102775,"Interface Americas, Inc.",,,INTF,False,False,Interface,True,No,Bertola GlasBac RE,12317,Tufted,Cut & Loop ,19.69in x 19.69in,Pallido,8818,,,,Processed
235880,101870-016,Interface Superflor 12' - Mediterranean (609153),INTF,Interface,10884 - Superflor,,10 - 12',60875 - Mediterranean (609153),2179 - Needlepunch,,,88 - 41 oz.,,,175 - Undefined,,SPCB,A,Purchased,1CBL,2CBL,Carpet BL,Carpet BL,*,*,SY,SY,1.0,102775.0,"Interface Americas, Inc.",,,INTF,False,False,Interface,True,No,,,,,,,,,,,Not Processed
289248,202928-012,Interface Step It Up (14773802500) Tufted Texture Loop 19.69in x 19.69in - Jade (106340),INTF,Interface,5840 - Step It Up,,,5488 - Jade (106340),2023 - Tufted Texture Loop,494 - 19.69in x 19.69in,,28 - 18 oz.,,,69 - GlasBac,,SPCB,A,Purchased,1CPT,2CPT,Carpet Tile,Carpet Tile,*,*,SY,,,,,,,INTF,False,False,Interface,True,No,Step It Up,14773802500,Tufted,Texture Loop ,19.69in x 19.69in,Jade,106340,,,,Processed
296644,186297-029,Interface-Menagerie (138050250H)-Tufted Tip Shear-19.69in x 19.69in-Mulberry (4943),INTF,Interface,9146 - Menagerie,356 - Undefined,,15447 - Mulberry (4943),2645 - Tufted Tip Shear,494 - 19.69in x 19.69in,243 - Undefined,50 - 26 oz,,,71 - GlasBac RE,,SPCB,A,Purchased,1CPT,2CPT,Carpet Tile,Carpet Tile,*,*,SY,SY,1.0,102775,"Interface Americas, Inc.",,,INTF,False,False,Interface,True,No,Menagerie,138050250H,,Tufted Tip Shear,19.69in x 19.69in,Mulberry,4943,,,,Processed
311369,178168-005,Interface Primary Stitch w/GlasBac (1462102500) Tufted Texture Loop 19.69in x 39.38in - Satin/Accent (102415),INTF,Interface,9942 - Primary Stitch w/GlasBac,,,5517 - Satin/Accent (102415),2023 - Tufted Texture Loop,221 - 19.69in x 39.38in,,10 - 14 oz,,,175 - Undefined,,SPCB,A,Purchased,1CPT,2CPT,Carpet Tile,Carpet Tile,*,*,SY,,,,,,,INTF,False,False,Interface,True,No,Primary Stitch w/GlasBac,1462102500,Tufted,Texture Loop ,19.69in x 39.38in,Satin/Accent,102415,,,,Processed
270775,184758-012,Interface AE311 (138830AK0H) Tufted Texture Loop 25cm x 1m - Topaz (105806),INTF,Interface,2474 - AE311,,,105214 - Topaz (105806),2023 - Tufted Texture Loop,903 - 25cm x 1m,,16 - 15 oz.,,,71 - GlasBac RE,,SPCB,A,Purchased,1CPT,2CPT,Carpet Tile,Carpet Tile,*,*,SY,,,,,,,INTF,False,False,Interface,True,No,AE311,138830AK0H,Tufted,Texture Loop ,25cm x 1m,Topaz,105806,,,,Processed
235266,102697-004,Interface Notes (13662) Fusion Bonded 19.69in x 19.69in - Straw (3705),INTF,Interface,4572 - Notes,,,108139 - Straw (3705),991 - Fusion Bonded,494 - 19.69in x 19.69in,,50 - 26 oz,,,175 - Undefined,,SPCB,A,Purchased,1CPT,2CPT,Carpet Tile,Carpet Tile,*,*,SY,SY,1.0,102775.0,"Interface Americas, Inc.",,,INTF,False,False,Interface,True,No,Notes,13662,Fusion,Bonded ,19.69in x 19.69in,Straw,3705,,,,Processed
233787,102185-001,Interface Boucle Grid (16129) Tufted Texture Loop 19.69in x 19.69in - Canyon (1913),INTF,Interface,599 - Boucle Grid,,,72219 - Canyon (1913),2023 - Tufted Texture Loop,494 - 19.69in x 19.69in,,43 - 24 oz.,,,175 - Undefined,,SPCB,A,Purchased,1CPT,2CPT,Carpet Tile,Carpet Tile,*,*,SY,SY,1.0,102775.0,"Interface Americas, Inc.",,,INTF,False,False,Interface,True,No,Boucle Grid,16129,Tufted,Texture Loop ,19.69in x 19.69in,Canyon,1913,,,,Processed
1834,137422-000,Interface Equator (16720) Tufted Texture Loop 19.69in x 19.69in - To Be Selected (TBS),INTF,Interface,1991 - Equator,,,118967 - To Be Selected (TBS),2023 - Tufted Texture Loop,494 - 19.69in x 19.69in,,28 - 18 oz.,,,175 - Undefined,,BNB,A,Purchased,1CPT,2CPT,Carpet Tile,Carpet Tile,*,*,SY,SY,1.0,102775,"Interface Americas, Inc.",,,INTF,False,False,Interface,True,No,Equator,16720,Tufted,Texture Loop ,19.69in x 19.69in,To Be Selected,TBS,,,,Processed
269997,185249-012,Interface San Roco (1466802500) Tufted Texture Loop 19.69in x 19.69in - Cioccolate (8876),INTF,Interface,5396 - San Roco,,,110241 - Cioccolate (8876),2023 - Tufted Texture Loop,494 - 19.69in x 19.69in,,42 - 23 oz.,,,69 - GlasBac,,SPCB,A,Purchased,1CPT,2CPT,Carpet Tile,Carpet Tile,*,*,SY,SY,1.0,102775.0,"Interface Americas, Inc.",,,INTF,False,False,Interface,True,No,San Roco,1466802500,Tufted,Texture Loop ,19.69in x 19.69in,Cioccolate,8876,,,,Processed
344951,1000037642,Interface Step Repeat SR799 (1388502500H) Tufted Texture Loop 50cm x 50cm - Midnight (104918),INTF,Interface,,,,,,,,,,,,,SPCP,A,Purchased,1CPT,2CPT,Carpet Tile,Carpet Tile,,,SY,SY,1.0,102775,"Interface Americas, Inc.",,,INTF,False,False,Interface,True,No,Step Repeat SR799,1388502500H,Tufted,Texture Loop ,50cm x 50cm,Midnight,104918,,,,Processed
153987,194184-002,Interface Kerbstone (286402500) Tufted Texture Loop 50cm x 50cm - Slate (105573),INTF,Interface,3840 - Kerbstone,,,56117 - Slate (105573),2023 - Tufted Texture Loop,825 - 50cm x 50cm,,41 - 22 oz.,,,69 - GlasBac,,SPC,A,Purchased,1CPT,2CPT,Carpet Tile,Carpet Tile,*,*,SY,SY,1.0,102775,"Interface Americas, Inc.",,,INTF,False,False,Interface,True,No,Kerbstone,286402500,Tufted,Texture Loop ,50cm x 50cm,Slate,105573,,,,Processed
226726,124022-025,Interface Paint Box (1666407700) 6'6 3/4in - Sherwood (3536),INTF,Interface,9654 - Paint Box,,86 - 6'6 3/4in,28228 - Sherwood (3536),2646 - Tufted Tip Sheared,,,43 - 24 oz.,,,175 - Undefined,,SPCB,A,Purchased,1CBL,2CBL,Carpet BL,Carpet BL,*,*,SY,SY,1.0,102775.0,"Interface Americas, Inc.",,,INTF,False,False,Interface,True,No,,,,,,,,,,,Not Processed
236795,103428-001,Interface Caribbean (16607) Tufted Texture Loop 19.69in x 19.69in - Aruba (3074),INTF,Interface,3375 - Caribbean,,,58555 - Aruba (3074),2023 - Tufted Texture Loop,494 - 19.69in x 19.69in,,43 - 24 oz.,,,175 - Undefined,,SPCB,A,Purchased,1CPT,2CPT,Carpet Tile,Carpet Tile,*,*,SY,SY,1.0,102775.0,"Interface Americas, Inc.",,,INTF,False,False,Interface,True,No,Caribbean,16607,Tufted,Texture Loop ,19.69in x 19.69in,Aruba,3074,,,,Processed
226747,125014-015,Interface-Libra (16290)--6'6in-Custom Color (244368-001),INTF,Interface,8852 - Libra,356 - Undefined,87 - 6'6in,17144 - Custom Color (244368-001),2029 - Tufted Textured Loop,1476 - Undefined,243 - Undefined,43 - 24 oz.,,,175 - Undefined,,SPCB,A,Purchased,1CBL,2CBL,Carpet BL,Carpet BL,*,*,SY,SY,1.0,102775.0,"Interface Americas, Inc.",,,INTF,False,False,Interface,True,No,,,,,,,,,,,Not Processed
32208,203343-000,Interface Old Street (1427302500) Tufted Patterned Loop 50cm x 50cm - To Be Selected (TBS),INTF,Interface,9577 - Old Street,,,118967 - To Be Selected (TBS),2014 - Tufted Patterned Loop,825 - 50cm x 50cm,,28 - 18 oz.,,,69 - GlasBac,,CCS,A,Purchased,1CPT,2CPT,Carpet Tile,Carpet Tile,*,*,SY,SY,1.0,102775,"Interface Americas, Inc.",,,INTF,False,False,Interface,True,No,Old Street,1427302500,Tufted,Patterned Loop ,50cm x 50cm,To Be Selected,TBS,,,,Processed
236743,102975-013,Interface Route 66 (14611) 6'6in - Sayre (2488),INTF,Interface,5311 - Route 66,,87 - 6'6in,81527 - Sayre (2488),2029 - Tufted Textured Loop,,,36 - 20 oz.,,,175 - Undefined,,SPCB,A,Purchased,1CBL,2CBL,Carpet BL,Carpet BL,*,*,SY,SY,1.0,102775.0,"Interface Americas, Inc.",,,INTF,False,False,Interface,True,No,Route 66,14611,,,6'6in,Sayre,2488,,,,Processed
11767,198003-000,Interface Night Flight (287202500) Tufted Patterned Loop 50cm x 50cm - To Be Selected (TBS),INTF,Interface,4512 - Night Flight,,,118967 - To Be Selected (TBS),2014 - Tufted Patterned Loop,825 - 50cm x 50cm,,43 - 24 oz.,,,69 - GlasBac,,BNB,A,Purchased,1CPT,2CPT,Carpet Tile,Carpet Tile,*,*,SY,SY,1.0,102775,"Interface Americas, Inc.",,,INTF,False,False,Interface,True,No,Night Flight,287202500,Tufted,Patterned Loop ,50cm x 50cm,To Be Selected,TBS,,,,Processed
84498,051638,INTERFACE\418 OPEN AIR\107796 NAVY\GLASBAC\50CMX50CM,INTF,Interface,,,,,,,,,,,,,CTS,O,Purchased,1CPT,2CPT,Carpet Tile,Carpet Tile,0102,01,CTN,SY,0.16722408,100796,DNU (102775) Interface Americas,,,INTF,False,False,INTERFACE,True,Yes,,,,,50CMX50CM,,,418 OPEN AIR,107796 NAVY,GLASBAC,Processed
179926,137422-013,Interface Equator (16720) Tufted Texture Loop 19.69in x 19.69in - Balmy (5658),INTF,Interface,1991 - Equator,,,24732 - Balmy (5658),2023 - Tufted Texture Loop,494 - 19.69in x 19.69in,,28 - 18 oz.,,,175 - Undefined,,SPCB,A,Purchased,1CPT,2CPT,Carpet Tile,Carpet Tile,*,*,SY,SY,1.0,102775.0,"Interface Americas, Inc.",,,INTF,False,False,Interface,True,No,Equator,16720,Tufted,Texture Loop ,19.69in x 19.69in,Balmy,5658,,,,Processed
377139,181373-012,Interface Sidetrack (1468402500) Tufted Texture Loop 19.69in x 19.69in - Sterling/Track (104262),INTF,Interface,5571 - Sidetrack,,,103044 - Sterling/Track (104262),2023 - Tufted Texture Loop,494 - 19.69in x 19.69in,,40 - 21 oz.,,,69 - GlasBac,,SPN,A,Purchased,1CPT,2CPT,Carpet Tile,Carpet Tile,*,*,SY,SY,1.0,102775,"Interface Americas, Inc.",,,INTF,False,False,Interface,True,No,Sidetrack,1468402500,Tufted,Texture Loop ,19.69in x 19.69in,Sterling/Track,104262,,,,Processed
201164,138495-005,Interface Solid Foundation (1669002500) Tufted Tip Shear 19.69in x 19.69in - Hedge (5850),INTF,Interface,10601 - Solid Foundation,,,123070 - Hedge (5850),2645 - Tufted Tip Shear,494 - 19.69in x 19.69in,,35 - 20 oz,,,175 - Undefined,,SPCB,A,Purchased,1CPT,2CPT,Carpet Tile,Carpet Tile,*,*,SY,SY,1.0,102775,"Interface Americas, Inc.",,,INTF,False,False,Interface,True,No,Solid Foundation,1669002500,Tufted,Tip Shear ,19.69in x 19.69in,Hedge,5850,,,,Processed
395374,1000004825,Interface Common Theme CT112 (123770AK00) 25cm x 1m Glasbac - Sage (104348),INTF,Interface,,,,,,,,,,,,,SPTM,A,Purchased,1CPT,2CPT,Carpet Tile,Carpet Tile,*,*,SY,,,,,,,INTF,False,False,Interface,True,No,Common Theme CT112,123770AK00,,,25cm x 1m,Sage,104348,,,Glasbac ,Processed
210478,128625-010,Interface Super Flor (6090002504) Needlepunch 19.69in x 19.69in - Leviathan (609159),INTF,Interface,10880 - Super Flor,,,125861 - Leviathan (609159),2179 - Needlepunch,494 - 19.69in x 19.69in,,88 - 41 oz.,,,175 - Undefined,,SPCB,A,Purchased,1CPT,2CPT,Carpet Tile,Carpet Tile,*,*,SY,SY,1.0,102775,"Interface Americas, Inc.",,,INTF,False,False,Interface,True,No,Super Flor,6090002504,Needlepunch,19,.69in x 19.69in,Leviathan,609159,,,,Processed
311266,176063-004,Interface UR303 (126990250H) Tufted Sheared 50cm x 50cm - Granite (102970),INTF,Interface,11307 - UR303,,,5695 - Granite (102970),2021 - Tufted Sheared,825 - 50cm x 50cm,,42 - 23 oz.,,,71 - GlasBac RE,,SPCB,A,Purchased,1CPT,2CPT,Carpet Tile,Carpet Tile,*,*,SY,SY,1.0,102775.0,"Interface Americas, Inc.",,,INTF,False,False,Interface,True,No,UR303,126990250H,Tufted,Sheared ,50cm x 50cm,Granite,102970,,,,Processed
271790,204764-003,Interface SL920 (138780AK00) Tufted Texture Loop 9.845in x 39.38in - Charcoal Line (104512),INTF,Interface,10565 - SL920,,,77240 - Charcoal Line (104512),2023 - Tufted Texture Loop,1443 - 9.845in x 39.38in,,35 - 20 oz,,,69 - GlasBac,,SPCB,A,Purchased,1CPT,2CPT,Carpet Tile,Carpet Tile,*,*,SY,,,,,,,INTF,False,False,Interface,True,No,SL920,138780AK00,Tufted,Texture Loop ,9.845in x 39.38in,Charcoal Line,104512,,,,Processed
340625,1000038339,Interface Diddley Dot (131320AK00) 25cm x 1m GlasBac - Forest (1081122),INTF,Interface,,,,,,,,,,,,,SPCB,A,Purchased,1CPT,2CPT,Carpet Tile,Carpet Tile,,,SY,SY,1.0,999999,SUPPLIER PLACEHOLDER,,,INTF,False,False,Interface,True,No,Diddley Dot,131320AK00,,,25cm x 1m,Forest,1081122,,,GlasBac ,Processed
263674,191116-020,Interface Level Set Textured Woodgrains (A004) Luxury Vinyl Plank 22 mil 25cm x 1m 4.5 mm - Grey Alder (A00428),INTF,Interface,3949 - Level Set Textured Woodgrains,,,66725 - Grey Alder (A00428),1438 - Luxury Vinyl Plank 22 mil,903 - 25cm x 1m,181 - 4.5 mm,,,,,,SPCB,A,Purchased,1VNL,2VCT,Vinyl,VCT,*,*,SF,SF,1.0,102775.0,"Interface Americas, Inc.",,,INTF,False,False,Interface,True,No,Level Set Textured Woodgrains,A004,Luxury,Vinyl Plank 22 mil ,25cm x 1m 4.5 mm,Grey Alder,A00428,,,,Processed
297541,182224-017,Interfaceflor-Surreal M0554Glasbac (M0554)-Undefined-19.69in x 19.69in-Spellbound (101052),IFFR,Interfaceflor,5996 - Surreal M0554Glasbac,356 - Undefined,,103922 - Spellbound (101052),2060 - Undefined,494 - 19.69in x 19.69in,243 - Undefined,42 - 23 oz.,,,175 - Undefined,,SPCB,A,Purchased,1CPT,2CPT,Carpet Tile,Carpet Tile,*,*,SY,SY,1.0,102775,"Interface Americas, Inc.",,,IFFR,False,False,Interfaceflor,True,No,,,,,,,,,,,Not Processed
224628,124022-057,Interface Paint Box (1666407700) 6'6 3/4in - Chesapeake (3599),INTF,Interface,9654 - Paint Box,,86 - 6'6 3/4in,134168 - Chesapeake (3599),2646 - Tufted Tip Sheared,,,43 - 24 oz.,,,175 - Undefined,,SPCB,A,Purchased,1CBL,2CBL,Carpet BL,Carpet BL,*,*,SY,SY,1.0,102775.0,"Interface Americas, Inc.",,,INTF,False,False,Interface,True,No,,,,,,,,,,,Not Processed
322725,167783-053,Interface Entropy GlasBac (1464802500) Tufted Tip Shear 19.69in x 19.69in - Muslin (9604),INTF,Interface,1977 - Entropy GlasBac,,,82163 - Muslin (9604),2645 - Tufted Tip Shear,494 - 19.69in x 19.69in,,35 - 20 oz,,,175 - Undefined,,SPCB,A,Purchased,1CPT,2CPT,Carpet Tile,Carpet Tile,*,*,SY,SY,1.0,102775.0,"Interface Americas, Inc.",,,INTF,False,False,Interface,True,No,Entropy GlasBac,1464802500,Tufted,Tip Shear ,19.69in x 19.69in,Muslin,9604,,,,Processed
118645,1000017502,"Interface - Nora - 3.5mm - 40"" x 40""",INTF,Interface,,,,,,,,,,,,,FSU,A,Purchased,1RBF,2TILE,Rubber Flooring ,Tile,*,*,EA,EA,1.0,104499,"Nora System, Inc",,,INTF,False,False,Interface,True,No,,,,,,,,,,,Not Processed
198323,138495-042,Interface Solid Foundation (1669002500) Tufted Tip Shear 19.69in x 19.69in - Cork (5887),INTF,Interface,10601 - Solid Foundation,,,108727 - Cork (5887),2645 - Tufted Tip Shear,494 - 19.69in x 19.69in,,35 - 20 oz,,,175 - Undefined,,SPCB,A,Purchased,1CPT,2CPT,Carpet Tile,Carpet Tile,*,*,SY,SY,1.0,102775,"Interface Americas, Inc.",,,INTF,False,False,Interface,True,No,Solid Foundation,1669002500,Tufted,Tip Shear ,19.69in x 19.69in,Cork,5887,,,,Processed
117707,207509-007,Interface The Standard (1467302500) Tufted Texture Loop 19.69in x 19.69in - Mangrove (9361),INTF,Interface,11063 - The Standard,,,53262 - Mangrove (9361),2023 - Tufted Texture Loop,494 - 19.69in x 19.69in,,16 - 15 oz.,,,69 - GlasBac,,FSU,A,Purchased,1CPT,2CPT,Carpet Tile,Carpet Tile,*,*,SY,SY,1.0,102775,"Interface Americas, Inc.",,,INTF,False,False,Interface,True,No,The Standard,1467302500,Tufted,Texture Loop ,19.69in x 19.69in,Mangrove,9361,,,,Processed
252496,161536-004,Interface Reissued (12323) Tufted Cut & Loop 19.69in x 19.69in - Burnt Orange (8930),INTF,Interface,10124 - Reissued,,,137835 - Burnt Orange (8930),1996 - Tufted Cut & Loop,494 - 19.69in x 19.69in,,42 - 23 oz.,,,175 - Undefined,,SPCB,A,Purchased,1CPT,2CPT,Carpet Tile,Carpet Tile,*,*,SY,SY,1.0,102775.0,"Interface Americas, Inc.",,,INTF,False,False,Interface,True,No,Reissued,12323,Tufted,Cut & Loop ,19.69in x 19.69in,Burnt Orange,8930,,,,Processed
21732,1000020575,Interface Step Repeat (SR999) 50cmx50cm Glasbac - Onyx (104945),INTF,Interface,,,,,,,,,,,,,BSC,A,Purchased,1CPT,2CPT,Carpet Tile,Carpet Tile,*,*,SY,SY,1.0,102775,"Interface Americas, Inc.",,,INTF,False,False,Interface,True,No,Step Repeat,SR999,,,50cmx50cm,Onyx,104945,,,Glasbac ,Processed
273529,185576-002,Interface WE152 (124990AK00) Tufted Cut & Loop 25cm x 1m - Cappuccino (104420),INTF,Interface,11533 - WE152,,,32846 - Cappuccino (104420),1996 - Tufted Cut & Loop,903 - 25cm x 1m,,41 - 22 oz.,,,69 - GlasBac,,SPCB,A,Purchased,1CPT,2CPT,Carpet Tile,Carpet Tile,*,*,SY,SY,1.0,102775.0,"Interface Americas, Inc.",,,INTF,False,False,Interface,True,No,WE152,124990AK00,Tufted,Cut & Loop ,25cm x 1m,Cappuccino,104420,,,,Processed
261290,162506-006,Interface Across The Board (12365) Tufted Cut & Loop 19.69in x 19.69in - Magnolia/Willow (100077),INTF,Interface,152 - Across The Board,,,129882 - Magnolia/Willow (100077),1996 - Tufted Cut & Loop,494 - 19.69in x 19.69in,,41 - 22 oz.,,,175 - Undefined,,SPCB,A,Purchased,1CPT,2CPT,Carpet Tile,Carpet Tile,*,*,SY,SY,1.0,102775.0,"Interface Americas, Inc.",,,INTF,False,False,Interface,True,No,Across The Board,12365,Tufted,Cut & Loop ,19.69in x 19.69in,Magnolia/Willow,100077,,,,Processed
267337,191162-003,Interface Afternoon Light (38980AK00) Tufted Texture Loop 25cm x 1m - Dawn Light (105296),INTF,Interface,2490 - Afternoon Light,,,91330 - Dawn Light (105296),2023 - Tufted Texture Loop,903 - 25cm x 1m,,28 - 18 oz.,,,69 - GlasBac,,SPCB,A,Purchased,1CPT,2CPT,Carpet Tile,Carpet Tile,*,*,SY,,,,,,,INTF,False,False,Interface,True,No,Afternoon Light,38980AK00,Tufted,Texture Loop ,25cm x 1m,Dawn Light,105296,,,,Processed
266245,198003-011,Interface Night Flight (287202500) Tufted Patterned Loop 50cm x 50cm - Smoky Ridge (105705),INTF,Interface,4512 - Night Flight,,,127260 - Smoky Ridge (105705),2014 - Tufted Patterned Loop,825 - 50cm x 50cm,,43 - 24 oz.,,,69 - GlasBac,,SPCB,A,Purchased,1CPT,2CPT,Carpet Tile,Carpet Tile,*,*,SY,,,,,,,INTF,False,False,Interface,True,No,Night Flight,287202500,Tufted,Patterned Loop ,50cm x 50cm,Smoky Ridge,105705,,,,Processed
180329,135569-022,Interface Happening II (16732) Tufted Texture Loop 19.69in x 19.69in - Yesterday (2978),INTF,Interface,3174 - Happening II,,,25857 - Yesterday (2978),2023 - Tufted Texture Loop,494 - 19.69in x 19.69in,,35 - 20 oz,,,175 - Undefined,,SPCB,A,Purchased,1CPT,2CPT,Carpet Tile,Carpet Tile,*,*,SY,SY,1.0,102775.0,"Interface Americas, Inc.",,,INTF,False,False,Interface,True,No,Happening II,16732,Tufted,Texture Loop ,19.69in x 19.69in,Yesterday,2978,,,,Processed
98303,1000049101,Interface Open Air 404 Stria (1238402500) 50cm x 50cm GlasBac - Charcoal (103278),INTF,Interface,,,,,,,,,,,,,DCN,A,Purchased,1CPT,2CPT,Carpet Tile,Carpet Tile,*,*,SY,SY,1.0,102775,"Interface Americas, Inc.",,,INTF,False,False,Interface,True,No,Open Air 404 Stria,1238402500,,,50cm x 50cm,Charcoal,103278,,,GlasBac ,Processed
304277,181828-020,Interface Cartera Pattern Library MO575 (MO575) Undefined 19.69in x 19.69in - Maiz (101495),INTF,Interface,3393 - Cartera Pattern Library MO575,,,45456 - Maiz (101495),2060 - Undefined,494 - 19.69in x 19.69in,,152 - Undefined,,,69 - GlasBac,,SPCB,A,Purchased,1CPT,2CPT,Carpet Tile,Carpet Tile,*,*,SY,SY,1.0,102775.0,"Interface Americas, Inc.",,,INTF,False,False,Interface,True,No,Cartera Pattern Library MO575,MO575,Undefined,19,.69in x 19.69in,Maiz,101495,,,,Processed
297360,188982-011,Interface SS217 (142640AK00) Tufted Patterned Loop 25cm x 1m - Custom (Crossroad/Laguna),INTF,Interface,10709 - SS217,,,85383 - Custom (Crossroad/Laguna),2014 - Tufted Patterned Loop,903 - 25cm x 1m,,21 - 16 oz.,,,69 - GlasBac,,SPCB,A,Purchased,1CPT,2CPT,Carpet Tile,Carpet Tile,*,*,SY,,,,,,,INTF,False,False,Interface,True,No,SS217,142640AK00,Tufted,Patterned Loop ,25cm x 1m,Custom,Crossroad/Laguna,,,,Processed
98063,1000029175,Interface World Woven French Seams 10x40 - Compiegne (103198),INTF,Interface,,,,,,,,,,,,,DCN,A,Purchased,1CPT,2CPT,Carpet Tile,Carpet Tile,*,*,SY,SY,1.0,102775,"Interface Americas, Inc.",,,INTF,False,False,Interface,True,No,World,,,,10x40,Compiegne,103198,,,Woven French Seams ,Processed
222771,126476-010,Interface Cubic (13801) Tufted Texture Loop 19.69in x 19.69in - Transverse (4296),INTF,Interface,7094 - Cubic,,,86696 - Transverse (4296),2023 - Tufted Texture Loop,494 - 19.69in x 19.69in,,28 - 18 oz.,,,175 - Undefined,,SPCB,A,Purchased,1CPT,2CPT,Carpet Tile,Carpet Tile,*,*,SY,SY,1.0,102775.0,"Interface Americas, Inc.",,,INTF,False,False,Interface,True,No,Cubic,13801,Tufted,Texture Loop ,19.69in x 19.69in,Transverse,4296,,,,Processed
235272,102697-010,Interface Notes (13662) Fusion Bonded 19.69in x 19.69in - Denim (3721),INTF,Interface,4572 - Notes,,,24183 - Denim (3721),991 - Fusion Bonded,494 - 19.69in x 19.69in,,50 - 26 oz,,,175 - Undefined,,SPCB,A,Purchased,1CPT,2CPT,Carpet Tile,Carpet Tile,*,*,SY,SY,1.0,102775.0,"Interface Americas, Inc.",,,INTF,False,False,Interface,True,No,Notes,13662,Fusion,Bonded ,19.69in x 19.69in,Denim,3721,,,,Processed
262040,167783-031,Interface Entropy GlasBac (1464802500) Tufted Tip Shear 19.69in x 19.69in - Yucca (7230),INTF,Interface,1977 - Entropy GlasBac,,,56686 - Yucca (7230),2645 - Tufted Tip Shear,494 - 19.69in x 19.69in,,35 - 20 oz,,,175 - Undefined,,SPCB,A,Purchased,1CPT,2CPT,Carpet Tile,Carpet Tile,*,*,SY,SY,1.0,102775.0,"Interface Americas, Inc.",,,INTF,False,False,Interface,True,No,Entropy GlasBac,1464802500,Tufted,Tip Shear ,19.69in x 19.69in,Yucca,7230,,,,Processed
314666,171639-016,Interface Permian GlasBac (1425602500) Tufted Tip-Sheared 19.69in x 19.69in - Ice (100547),INTF,Interface,4804 - Permian GlasBac,,,13310 - Ice (100547),2039 - Tufted Tip-Sheared,494 - 19.69in x 19.69in,,42 - 23 oz.,,,175 - Undefined,,SPCB,A,Purchased,1CPT,2CPT,Carpet Tile,Carpet Tile,*,*,SY,SY,1.0,102775.0,"Interface Americas, Inc.",,,INTF,False,False,Interface,True,No,Permian GlasBac,1425602500,Tufted,Tip-Sheared ,19.69in x 19.69in,Ice,100547,,,,Processed
