Column1,PART_NO,DESCRIPTION,MFR,manufacturer_name,STYLE,COMPOSITION,WIDTH,COLOR,TYPE,SIZE,GAUGE,FACE WEIGHT,COLLECTION,DEPTH,BACKING,FINISH,SITE,PART STATUS,PART TYPE,COMMODITY 1,COMMODITY 2,comm1_label,comm2_label,PRODUCT CODE,PRODUCT_FAMILY,INV UoM,PURCH UoM,CONV FACTOR,PRIMARY SUPPLIER,SUPPLIER NAME,NET WEIGHT,NET VOLUME,Manufacturer,miscellaneous,material_part,ext_manufacturer,manufacturer_match,windbid,name,part_number,product_type,form,dimensions,color2,color_code,collection3,product_name,backing4
299975,183916-012,Interface Silver Linings SL910 (SL910) Tufted Texture Loop 25cm x 1m - Walnut (104509),INTF,Interface,5591 - Silver Linings SL910,,,40161 - Walnut (104509),2023 - Tufted Texture Loop,903 - 25cm x 1m,,40 - 21 oz.,,,69 - GlasBac,,SPCB,A,Purchased,1CPT,2CPT,Carpet Tile,Carpet Tile,*,*,SY,SY,1,102775,"Interface Americas, Inc.",,,INTF,FALSE,FALSE,Interface,TRUE,No,Silver Linings SL910,SL910,Tufted,Texture Loop ,25cm x 1m,Walnut,104509,,,
387601,215819-001,Interface Cubic (1380102501) Tufted Texture Loop 19.69in x 19.69in - Shape (4287),INTF,Interface,7094 - Cubic,,,30077 - Shape (4287),2023 - Tufted Texture Loop,494 - 19.69in x 19.69in,,28 - 18 oz.,,,236 - ReadyBac,,SPT,A,Purchased,1CPT,2CPT,Carpet Tile,Carpet Tile,*,*,SY,SY,1,102775,"Interface Americas, Inc.",,,INTF,FALSE,FALSE,Interface,TRUE,No,Cubic,1380102501,Tufted,Texture Loop ,19.69in x 19.69in,Shape,4287,,,
250912,162621-020,Interface Cap & Blazer Tufted Texture Loop 19.69in x 19.69in - St. George (100888),INTF,Interface,715 - Cap & Blazer,,,55171 - St. George (100888),2023 - Tufted Texture Loop,494 - 19.69in x 19.69in,,35 - 20 oz,,,69 - GlasBac,,SPCB,A,Purchased,1CPT,2CPT,Carpet Tile,Carpet Tile,*,*,SY,SY,1,102775,"Interface Americas, Inc.",,,INTF,FALSE,FALSE,Interface,TRUE,No,Cap &,,Blazer,Tufted Texture Loop ,19.69in x 19.69in,St. George,100888,,,
58441,4001,INTERFACE\NATIVE FABRIC\A00806 TWINE\50CMX50CM,INTF,Interface,,,,,,,,,,,,,CTS,O,Purchased,1VNL,2LVT,Vinyl,LVT,102,1,CTN,SF,0.037160907,100796,DNU (102775) Interface Americas,,,INTF,FALSE,FALSE,INTERFACE,TRUE,Yes,,,,,50CMX50CM,,,NATIVE FABRIC,A00806 TWINE,
252939,153104-015,Interfaceflor Block Weave (12504) Tufted Cut & Loop 19.69in x 19.69in - Mercury (8052),IFFR,Interfaceflor,2880 - Block Weave,,,120556 - Mercury (8052),1996 - Tufted Cut & Loop,494 - 19.69in x 19.69in,,42 - 23 oz.,,,175 - Undefined,,SPCB,A,Purchased,1CPT,2CPT,Carpet Tile,Carpet Tile,*,*,SY,SY,1,102775,"Interface Americas, Inc.",,,IFFR,FALSE,FALSE,Interfaceflor,TRUE,No,,,,,,,,,,
59211,13855,INTERFACE\AE311 AERIAL\104674 SMOKE\25CMX1M,INTF,Interface,,,,,,,,,,,,,CTS,O,Purchased,1CPT,2CPT,Carpet Tile,Carpet Tile,102,1,CTN,SY,0.16722408,100796,DNU (102775) Interface Americas,,,INTF,FALSE,FALSE,INTERFACE,TRUE,Yes,,,,,25CMX1M,,,AE311 AERIAL,104674 SMOKE,
229857,103090-002,Interface Dot Com (14615) Tufted Texture Loop 19.69in x 19.69in - Terminal (2715),INTF,Interface,7604 - Dot Com,,,138037 - Terminal (2715),2023 - Tufted Texture Loop,494 - 19.69in x 19.69in,,41 - 22 oz.,,,175 - Undefined,,SPCB,A,Purchased,1CPT,2CPT,Carpet Tile,Carpet Tile,*,*,SY,SY,1,102775,"Interface Americas, Inc.",,,INTF,FALSE,FALSE,Interface,TRUE,No,Dot Com,14615,Tufted,Texture Loop ,19.69in x 19.69in,Terminal,2715,,,
69081,37264,INTERFACE\MONOCHROME\101846 WATERFALL\50CMX50CM,INTF,Interface,,,,,,,,,,,,,CTS,O,Purchased,GM,PR,,,102,1,CTN,SY,0.16722408,100796,DNU (102775) Interface Americas,,,INTF,FALSE,FALSE,INTERFACE,TRUE,Yes,,,,,50CMX50CM,,,MONOCHROME,101846 WATERFALL,
109838,215204-000,Interface Northern Grain (A026xx) 22 mil LVT 25cm x 1m 4.5 mm - To Be Selected (TBS),INTF,Interface,21129 - Northern Grain,,,118967 - To Be Selected (TBS),332 - 22 mil LVT,903 - 25cm x 1m,181 - 4.5 mm,,,,,,DPW,A,Purchased,1VNL,2VCT,Vinyl,VCT,*,*,SF,SF,1,999999,SUPPLIER PLACEHOLDER,,,INTF,FALSE,FALSE,Interface,TRUE,No,,,,,,,,,,
268758,193801-006,Interface World Woven 880 (28200AK00) Tufted Sheared 25cm x 1m - Natural Loom (105364),INTF,Interface,11617 - World Woven 880,,,101013 - Natural Loom (105364),2021 - Tufted Sheared,903 - 25cm x 1m,,47 - 25 oz.,,,69 - GlasBac,,SPCB,A,Purchased,1CPT,2CPT,Carpet Tile,Carpet Tile,*,*,SY,SY,1,102775,"Interface Americas, Inc.",,,INTF,FALSE,FALSE,Interface,TRUE,No,World Woven 880,28200AK00,Tufted,Sheared ,25cm x 1m,Natural Loom,105364,,,
8456,306465-000,Interface Next Step Adhesive,INTF,Interface,6389 - Undefined,356 - Undefined,,,2060 - Undefined,1476 - Undefined,243 - Undefined,,,,175 - Undefined,,BNB,A,Purchased,1ADH,2ADH,Adhesive,Adhesive,*,*,EA,EA,1,102775,"Interface Americas, Inc.",,,INTF,FALSE,FALSE,Interface,TRUE,No,,,,,,,,,,
326313,165361-033,Interface-Entropy NexStep (146480250A)-Tufted Tip Shear-19.69in x 19.69in-Baltic (7232),INTF,Interface,7813 - Entropy NexStep,,,82566 - Baltic (7232),2645 - Tufted Tip Shear,494 - 19.69in x 19.69in,,35 - 20 oz,,,175 - Undefined,,SPCB,A,Purchased,1CPT,2CPT,Carpet Tile,Carpet Tile,*,*,SY,SY,1,102775,"Interface Americas, Inc.",,,INTF,FALSE,FALSE,Interface,TRUE,No,,,,,,,,,,
250171,149940-005,Interface I Line (13835) Tufted Texture Loop 19.69in x 19.69in - Login (8060),INTF,Interface,3615 - I Line,,,92210 - Login (8060),2023 - Tufted Texture Loop,494 - 19.69in x 19.69in,,24 - 17 oz,,,175 - Undefined,,SPCB,A,Purchased,1CPT,2CPT,Carpet Tile,Carpet Tile,*,*,SY,SY,1,102775,"Interface Americas, Inc.",,,INTF,FALSE,FALSE,Interface,TRUE,No,I Line,13835,Tufted,Texture Loop ,19.69in x 19.69in,Login,8060,,,
183082,141239-005,Interface Plain Weave (1381502500) Tufted Texture Loop 19.69in x 19.69in - Nomadic (6096),INTF,Interface,4849 - Plain Weave,,,140746 - Nomadic (6096),2023 - Tufted Texture Loop,494 - 19.69in x 19.69in,,43 - 24 oz.,,,69 - GlasBac,,SPCB,A,Purchased,1CPT,2CPT,Carpet Tile,Carpet Tile,*,*,SY,SY,1,102775,"Interface Americas, Inc.",,,INTF,FALSE,FALSE,Interface,TRUE,No,Plain Weave,1381502500,Tufted,Texture Loop ,19.69in x 19.69in,Nomadic,6096,,,
373599,212887-006,Interface Open Air 403 (1634302500) Tufted Texture Loop 50cm x 50cm - Nickel (106732),INTF,Interface,4653 - Open Air 403,,,233161 - Nickel (106732),2023 - Tufted Texture Loop,825 - 50cm x 50cm,,28 - 18 oz.,,,69 - GlasBac,,SPL,A,Purchased,1CPT,2CPT,Carpet Tile,Carpet Tile,*,*,SY,SY,1,999999,SUPPLIER PLACEHOLDER,,,INTF,FALSE,FALSE,Interface,TRUE,No,Open Air 403,1634302500,Tufted,Texture Loop ,50cm x 50cm,Nickel,106732,,,
142428,209062-016,Interface Scorpio (A017xx) 22 mil High Performance LVT 50cm x 50cm 4.5 mm - Silverlight (16),INTF,Interface,5435 - Scorpio,,,250793 - Silverlight (16),329 - 22 mil High Performance LVT,825 - 50cm x 50cm,181 - 4.5 mm,,,,,,SPB,A,Purchased,1VNL,2LVT,Vinyl,LVT,*,*,SF,SF,1,102775,"Interface Americas, Inc.",,,INTF,FALSE,FALSE,Interface,TRUE,No,,,,,,,,,,
315153,172263-001,Interface-Axtile/M0369 GlasBac (1243102500)-Tufted Cut & Loop-19.69in x 19.69in-Hazel (7356),INTF,Interface,2734 - Axtile/M0369 GlasBac,356 - Undefined,,60529 - Hazel (7356),1996 - Tufted Cut & Loop,494 - 19.69in x 19.69in,243 - Undefined,42 - 23 oz.,,,175 - Undefined,,SPCB,A,Purchased,1CPT,2CPT,Carpet Tile,Carpet Tile,*,*,SY,SY,1,102775,"Interface Americas, Inc.",,,INTF,FALSE,FALSE,Interface,TRUE,No,,,,,,,,,,
205475,128936-024,Interface Entropy (146480250H) Tufted Tip Shear 19.69in x 19.69in - Juniper (4990),INTF,Interface,7812 - Entropy,,,93308 - Juniper (4990),2645 - Tufted Tip Shear,494 - 19.69in x 19.69in,,35 - 20 oz,,,73 - GlasBacRE,,SPCB,A,Purchased,1CPT,2CPT,Carpet Tile,Carpet Tile,*,*,SY,SY,1,102775,"Interface Americas, Inc.",,,INTF,FALSE,FALSE,Interface,TRUE,No,Entropy,146480250H,Tufted,Tip Shear ,19.69in x 19.69in,Juniper,4990,,,
289705,195696-002,Interface On Line Unbacked 6'6in - Loam (103781),INTF,Interface,4638 - On Line,,87 - 6'6in,46748 - Loam (103781),2029 - Tufted Textured Loop,,,40 - 21 oz.,,,173 - Unbacked,,SPCB,A,Purchased,1CBL,2CBL,Carpet BL,Carpet BL,*,*,SY,SY,1,102775,"Interface Americas, Inc.",,,INTF,FALSE,FALSE,Interface,TRUE,No,,,,,,,,,,
245372,143351-001,Interface Syncopation (1240202500) Tufted Cut & Loop 19.69in x 19.69in - Top Soil (3294),INTF,Interface,6021 - Syncopation,,,3524 - Top Soil (3294),1996 - Tufted Cut & Loop,494 - 19.69in x 19.69in,,50 - 26 oz,,,69 - GlasBac,,SPCB,A,Purchased,1CPT,2CPT,Carpet Tile,Carpet Tile,*,*,SY,SY,1,102775,"Interface Americas, Inc.",,,INTF,FALSE,FALSE,Interface,TRUE,No,,,,,,,,,,
392077,1000037823,Interface Third Space 303 (1680702500) 50cm x 50cm GlasBac - Amber (107884),INTF,Interface,,,,,,,,,,,,,SPTG,A,Purchased,1CPT,2CPT,Carpet Tile,Carpet Tile,,,SY,SY,1,102775,"Interface Americas, Inc.",,,INTF,FALSE,FALSE,Interface,TRUE,No,,,,,,,,,,
285635,195434-002,Interface Native Fabric (A008xx) Luxury Vinyl Plank 22 mil 50cm x 50cm 4.5 mm - Seagrass (02),INTF,Interface,9354 - Native Fabric,,,64340 - Seagrass (02),1438 - Luxury Vinyl Plank 22 mil,825 - 50cm x 50cm,181 - 4.5 mm,,,,,,SPCB,A,Purchased,1VNL,2VCT,Vinyl,VCT,*,*,SF,,,,,,,INTF,FALSE,FALSE,Interface,TRUE,No,,,,,,,,,,
299021,181828-004,Interface Cartera Pattern Library MO575 (MO575) Undefined 19.69in x 19.69in - Cilantro (101514),INTF,Interface,3393 - Cartera Pattern Library MO575,,,116839 - Cilantro (101514),2060 - Undefined,494 - 19.69in x 19.69in,,152 - Undefined,,,69 - GlasBac,,SPCB,A,Purchased,1CPT,2CPT,Carpet Tile,Carpet Tile,*,*,SY,SY,1,102775,"Interface Americas, Inc.",,,INTF,FALSE,FALSE,Interface,TRUE,No,Cartera Pattern Library MO575,MO575,Undefined,19,.69in x 19.69in,Cilantro,101514,,,
268514,188990-004,Interface CE172 (13880AK00) Tufted Tip-Sheared 25cm x 1m - Kimono (104957),INTF,Interface,778 - CE172,,,1561 - Kimono (104957),2039 - Tufted Tip-Sheared,903 - 25cm x 1m,,42 - 23 oz.,,,69 - GlasBac,,SPCB,A,Purchased,1CPT,2CPT,Carpet Tile,Carpet Tile,*,*,SY,,,,,,,INTF,FALSE,FALSE,Interface,TRUE,No,,,,,,,,,,
231298,104065-029,Interface Caribbean (16607) 6'6in - Aruba (3074),INTF,Interface,3375 - Caribbean,,87 - 6'6in,58555 - Aruba (3074),2029 - Tufted Textured Loop,,,43 - 24 oz.,,,175 - Undefined,,SPCB,A,Purchased,1CBL,2CBL,Carpet BL,Carpet BL,*,*,SY,SY,1,102775,"Interface Americas, Inc.",,,INTF,FALSE,FALSE,Interface,TRUE,No,,,,,,,,,,
68995,36374,INTERFACE\EVEN PATH STONES\A07008 MERCURY\50CMX1M,INTF,Interface,,,,,,,,,,,,,CTS,O,Purchased,GM,PR,,,302,3,CTN,SF,0.046511628,100796,DNU (102775) Interface Americas,,,INTF,FALSE,FALSE,INTERFACE,TRUE,Yes,,,,,50CMX1M,,,EVEN PATH STONES,A07008 MERCURY,
312196,170925-024,Interface Smithfield Strip GlasBac (1416002500) Tufted Sheared 19.69in x 19.69in - Shropshire (102745),INTF,Interface,5642 - Smithfield Strip GlasBac,,,88078 - Shropshire (102745),2021 - Tufted Sheared,494 - 19.69in x 19.69in,,42 - 23 oz.,,,175 - Undefined,,SPCB,A,Purchased,1CPT,2CPT,Carpet Tile,Carpet Tile,*,*,SY,SY,1,102775,"Interface Americas, Inc.",,,INTF,FALSE,FALSE,Interface,TRUE,No,Smithfield Strip GlasBac,1416002500,Tufted,Sheared ,19.69in x 19.69in,Shropshire,102745,,,
397451,208758-016,Interface Shiver Me Timbers Unbacked 6.56' - Hickory (103936),INTF,Interface,10512 - Shiver Me Timbers,,93 - 6.56',65739 - Hickory (103936),2646 - Tufted Tip Sheared,,,28 - 18 oz.,,,173 - Unbacked,,SPW,A,Purchased,1CBL,2CBL,Carpet BL,Carpet BL,*,*,SY,SY,1,102775,"Interface Americas, Inc.",,,INTF,FALSE,FALSE,Interface,TRUE,No,,,,,,,,,,
2064,124047-000,Interface Jakarta II (16171) Tufted Tip Shear 19.69in x 19.69in - To Be Selected (TBS),INTF,Interface,3786 - Jakarta II,,,118967 - To Be Selected (TBS),2645 - Tufted Tip Shear,494 - 19.69in x 19.69in,,43 - 24 oz.,,,175 - Undefined,,BNB,A,Purchased,1CPT,2CPT,Carpet Tile,Carpet Tile,*,*,SY,,,,,,,INTF,FALSE,FALSE,Interface,TRUE,No,Jakarta II,16171,Tufted,Tip Shear ,19.69in x 19.69in,To Be Selected,TBS,,,
128748,177861-001,Interface Net Effect B603 GlasBac (1266802500) Tufted Patterned Loop 50cm x 50cm - Black Sea (102920),INTF,Interface,9422 - Net Effect B603 GlasBac,,,14777 - Black Sea (102920),2014 - Tufted Patterned Loop,825 - 50cm x 50cm,,42 - 23 oz.,,,175 - Undefined,,PARTS,A,Purchased,1CPT,2CPT,Carpet Tile,Carpet Tile,*,*,SY,SY,1,102775,"Interface Americas, Inc.",,,INTF,FALSE,FALSE,Interface,TRUE,No,Net Effect B603 GlasBac,1266802500,Tufted,Patterned Loop ,50cm x 50cm,Black Sea,102920,,,
395967,1000027716,Interface Step Repeat (SR699) 25cm x 1cm - Dark Brown (104913),INTF,Interface,,,,,,,,,,,,,SPTM,A,Purchased,1CPT,2CPT,Carpet Tile,Carpet Tile,*,*,SY,SY,1,102775,"Interface Americas, Inc.",,,INTF,FALSE,FALSE,Interface,TRUE,No,,,,,,,,,,
65083,11979,INTERFACE\SR899 STEP REPEAT\104939 GRANITE\50CMX50CM,INTF,Interface,,,,,,,,,,,,,CTS,O,Purchased,1CPT,2CPT,Carpet Tile,Carpet Tile,102,1,CTN,SY,0.16722408,100796,DNU (102775) Interface Americas,,,INTF,FALSE,FALSE,INTERFACE,TRUE,Yes,,,,,50CMX50CM,,,SR899 STEP REPEAT,104939 GRANITE,
267479,204211-004,Interface Mercer Street (1427902500) Tufted Pattern Loop 19.69in x 19.69in - Steel Circle (105765),INTF,Interface,4217 - Mercer Street,,,91356 - Steel Circle (105765),2630 - Tufted Pattern Loop,494 - 19.69in x 19.69in,,42 - 23 oz.,,,69 - GlasBac,,SPCB,A,Purchased,1CPT,2CPT,Carpet Tile,Carpet Tile,*,*,SY,SY,1,102775,"Interface Americas, Inc.",,,INTF,FALSE,FALSE,Interface,TRUE,No,Mercer Street,1427902500,Tufted,Pattern Loop ,19.69in x 19.69in,Steel Circle,105765,,,
249477,150801-014,Interfaceflor 1st Avenue (13717) Tufted Cut Pile 19.69in x 19.69in - Teal (8149),IFFR,Interfaceflor,17 - 1st Avenue,,,93064 - Teal (8149),1998 - Tufted Cut Pile,494 - 19.69in x 19.69in,,152 - Undefined,,,175 - Undefined,,SPCB,A,Purchased,1CPT,2CPT,Carpet Tile,Carpet Tile,*,*,SY,SY,1,102775,"Interface Americas, Inc.",,,IFFR,FALSE,FALSE,Interfaceflor,TRUE,No,1st Avenue,13717,Tufted,Cut Pile ,19.69in x 19.69in,Teal,8149,,,
253426,168110-003,Interface S102 GlasBac RE (142410250H) Tufted Patterned Loop 19.69in x 19.69in - Grey (9528),INTF,Interface,10317 - S102 GlasBac RE,,,113316 - Grey (9528),2014 - Tufted Patterned Loop,494 - 19.69in x 19.69in,,21 - 16 oz.,,,175 - Undefined,,SPCB,A,Purchased,1CPT,2CPT,Carpet Tile,Carpet Tile,*,*,SY,SY,1,102775,"Interface Americas, Inc.",,,INTF,FALSE,FALSE,Interface,TRUE,No,S102 GlasBac RE,142410250H,Tufted,Patterned Loop ,19.69in x 19.69in,Grey,9528,,,
389615,1000012626,Interface Woven Gradience (WG100) Glasbac 50cm x 50cm Ash (108053),INTF,Interface,,,,,,,,,,,,,SPT,A,Purchased,1CPT,2CPT,Carpet Tile,Carpet Tile,*,*,SY,SY,1,102775,"Interface Americas, Inc.",,,INTF,FALSE,FALSE,Interface,TRUE,No,,,,,,,,,,
72799,34481,INTERFACE\WW890\105389 RAFFIA DOBBY\25CMX1M,INTF,Interface,,,,,,,,,,,,,CTS,O,Purchased,GM,PR,,,102,1,CTN,SY,0.16722408,100796,DNU (102775) Interface Americas,,,INTF,FALSE,FALSE,INTERFACE,TRUE,Yes,,,,,25CMX1M,,,WW890,105389 RAFFIA DOBBY,
50505,1000021419,Interface Flor Fully Barked 19.69 in x 19.69 in (50 cm x 50 cm) Color: Pigeon,INTF,Interface,,,,,,,,,,,,,CCSG,A,Purchased,1CPT,2CPT,Carpet Tile,Carpet Tile,*,,SY,SY,1,102775,"Interface Americas, Inc.",,,INTF,FALSE,FALSE,Interface,TRUE,No,,,,,,,,,,
315789,169351-003,Interface Primary Stitch (1462102500) Tufted Texture Loop 19.69in x 19.69in - Moss/Accent (102413),INTF,Interface,9941 - Primary Stitch,,,82459 - Moss/Accent (102413),2023 - Tufted Texture Loop,494 - 19.69in x 19.69in,,16 - 15 oz.,,,69 - GlasBac,,SPCB,A,Purchased,1CPT,2CPT,Carpet Tile,Carpet Tile,*,*,SY,SY,1,102775,"Interface Americas, Inc.",,,INTF,FALSE,FALSE,Interface,TRUE,No,Primary Stitch,1462102500,Tufted,Texture Loop ,19.69in x 19.69in,Moss/Accent,102413,,,
227682,102181-003,Interface Tapestry Plus Undefined Undefined - Constaninople (2449),INTF,Interface,10965 - Tapestry Plus,,,12548 - Constaninople (2449),2060 - Undefined,1476 - Undefined,,152 - Undefined,,,175 - Undefined,,SPCB,A,Purchased,1CPT,2CPT,Carpet Tile,Carpet Tile,*,*,SY,SY,1,102775,"Interface Americas, Inc.",,,INTF,FALSE,FALSE,Interface,TRUE,No,,,,,,,,,,
63224,14004,INTERFACE\CT101 COMMON THEME\103980 SAGE\50CMX50CM,INTF,Interface,,,,,,,,,,,,,CTS,O,Purchased,GM,PR,,,102,1,CTN,SY,0.16722408,100796,DNU (102775) Interface Americas,,,INTF,FALSE,FALSE,INTERFACE,TRUE,Yes,,,,,50CMX50CM,,,CT101 COMMON THEME,103980 SAGE,
53059,424,INTERFACE\GLASBAC\500 FT,INTF,Interface,,,,,,,,,,,,,CTS,O,Purchased,GM,PR,,,105,1,CTN,CTN,1,999999,SUPPLIER PLACEHOLDER,,,INTF,FALSE,FALSE,INTERFACE,TRUE,Yes,,,,,,,,,,
70727,34540,INTERFACE\NATURAL STONES\A00102 MARONE DARK MARBLE\50CMX50XM,INTF,Interface,,,,,,,,,,,,,CTS,O,Purchased,GM,PR,,,302,3,CTN,SF,0.037160907,100796,DNU (102775) Interface Americas,,,INTF,FALSE,FALSE,INTERFACE,TRUE,Yes,,,,,50CMX50XM,,,NATURAL STONES,A00102 MARONE DARK MARBLE,
389795,1000010448,Interface AE311 Aerial (138830AK00) 25cm x 1m Glasbac - Greige (104672),INTF,Interface,,,,,,,,,,,,,SPT,A,Purchased,1CPT,2CPT,Carpet Tile,Carpet Tile,*,*,SY,SY,1,100796,DNU (102775) Interface Americas,,,INTF,FALSE,FALSE,Interface,TRUE,No,,,,,,,,,,
13661,173974-000,Interface On Board (1236302500) Tufted Cut & Loop 19.69in x 19.69in - To Be Selected (TBS),INTF,Interface,9581 - On Board,,,118967 - To Be Selected (TBS),1996 - Tufted Cut & Loop,494 - 19.69in x 19.69in,,41 - 22 oz.,,,69 - GlasBac,,BNB,A,Purchased,1CPT,2CPT,Carpet Tile,Carpet Tile,*,*,SY,SY,1,102775,"Interface Americas, Inc.",,,INTF,FALSE,FALSE,Interface,TRUE,No,,,,,,,,,,
72480,23750,INTERFACE\HN840 HUMAN NATURE\104221 FLINT\25CMX1M,INTF,Interface,,,,,,,,,,,,,CTS,O,Purchased,1CPT,2CPT,Carpet Tile,Carpet Tile,102,1,CTN,SY,0.209205021,100796,DNU (102775) Interface Americas,,,INTF,FALSE,FALSE,INTERFACE,TRUE,Yes,,,,,25CMX1M,,,HN840 HUMAN NATURE,104221 FLINT,
131425,1000029981,Interface Cliff 25cm x 1m 4.5MM - Alabaster (A02404),INTF,Interface,,,,,,,,,,,,,PSC,A,Purchased,1VNL,2LVP,Vinyl,LVP,*,*,SF,SF,1,102775,"Interface Americas, Inc.",,,INTF,FALSE,FALSE,Interface,TRUE,No,,,,,,,,,,
297488,181130-009,Interface Human Nature HN810 (127610AKOH) Tufted Patterned Loop 25cm x 1m - Custom (182994),INTF,Interface,3603 - Human Nature HN810,,,19344 - Custom (182994),2014 - Tufted Patterned Loop,903 - 25cm x 1m,,152 - Undefined,,,71 - GlasBac RE,,SPCB,A,Purchased,1CPT,2CPT,Carpet Tile,Carpet Tile,*,*,SY,SY,1,102775,"Interface Americas, Inc.",,,INTF,FALSE,FALSE,Interface,TRUE,No,Human Nature HN810,127610AKOH,Tufted,Patterned Loop ,25cm x 1m,Custom,182994,,,
20300,1000003441,Interface-Third Space 306 (1681002500)-GlasBac-50cm x 1m-Oat (107930),INTF,Interface,,,,,,,,,,,,,BNB,A,Purchased,1CPT,2CPT,Carpet Tile,Carpet Tile,*,*,SY,SY,1,1070,"Noble Flooring, LLC",,,INTF,FALSE,FALSE,Interface,TRUE,No,,,,,,,,,,
208947,128146-001,Interface Shizen Ni (16636) Tufted Texture Loop 19.69in x 19.69in - Bamboo (2319),INTF,Interface,5563 - Shizen Ni,,,131641 - Bamboo (2319),2023 - Tufted Texture Loop,494 - 19.69in x 19.69in,,42 - 23 oz.,,,175 - Undefined,,SPCB,A,Purchased,1CPT,2CPT,Carpet Tile,Carpet Tile,*,*,SY,SY,1,102775,"Interface Americas, Inc.",,,INTF,FALSE,FALSE,Interface,TRUE,No,Shizen Ni,16636,Tufted,Texture Loop ,19.69in x 19.69in,Bamboo,2319,,,
