supplier_name,supplier_mode_real
"Shaw Industries, Inc.",Manufacturer
"Interface Americas, Inc.",Manufacturer
Dal Tile Corporation,Manufacturer
"Mannington Mills, Inc.",Manufacturer
Mohawk Industries,Manufacturer
"Nora System, Inc",Manufacturer
Mondo America Inc.,Manufacturer
"Bentley Mills, Inc.",Manufacturer
Ceramic Technics LLC dba Stone Source,Distributor
Tarkett USA Inc,Manufacturer
Spartan Surfaces,Distributor
Milliken & Company,Manufacturer
Trinity Tile,Distributor
Engineered Floors LLC,Manufacturer
"Mohawk Commercial, Inc",Manufacturer
Trinity Surfaces,Distributor
"Gerflor USA, Inc.",Manufacturer
Concept Surfaces,Manufacturer
"AHF, LLC dba AHF Products",Manufacturer
J.J. Haines & Company,Distributor
Garden State Tile Distributors,Distributor
Tilebar LLC,Distributor
"Forbo Industries, Inc",Manufacturer
Fishman Flooring Solutions,Distributor
"J.J. Haines & Company, LLC dba UCX Flooring",Distributor
Adleta Corporation,Distributor
Emser Tile LLC,Manufacturer
United Office Systems Pvt Ltd,Distributor
Ecore International Inc.,Distributor
"Crossley Axminster, Inc.",Manufacturer
"Architectural Ceramics, Inc.",Distributor
Karndean International LLC,Manufacturer
"BPI-Building Plastics, Inc",Distributor
Porcelanosa,Manufacturer
Connor Sports Flooring,Manufacturer
All Surfaces,Distributor
"Dur-A-Flex, Inc.",Manufacturer
"InterfaceServices, Inc.",Not Found
Specialty Tile Products Inc,Manufacturer
William M. Bird,Distributor
"GIO Architectural Tile & Stone, Inc.",Manufacturer
LOUISVILLE TILE DIST. INC.,Distributor
Readers Wholesale,Distributor
Platform Surfaces LLC,Distributor
"Altro USA, Inc.",Distributor
DALTILE,Manufacturer
"Logistics Solutions, LLC",Manufacturer
Soho Studio Corp. dba TileBar,Distributor
"Florida Tile, Inc",Distributor
"Florstar Sales, Inc",Distributor
"Juncker's Hardwood, Inc",Manufacturer
TILE BAR,Manufacturer
ICG Italia (StonePeak Ceramics),Distributor
Mats Inc DBA Matter Surfaces,Manufacturer
PLAE,Distributor
"Tri-West, LTD.",Distributor
"Karen Pearse & Co., LLC",Manufacturer
Stone Source,Distributor
"Nemo Tile Co., Inc.",Manufacturer
Commercial Flooring Distributors,Distributor
Thorntree LP,Not Found
"Key Resin Company, Inc.",Manufacturer
"Flor, Inc.",Manufacturer
AHF Products,Manufacturer
PLITEQ INC,Manufacturer
Creative Materials Corporation,Manufacturer
Specified Surfaces LLC,Distributor
Virginia Tile Company,Distributor
Mats Inc dba Matter Surfaces Inc,Distributor
"LTR Intermediate Holdings, Inc dba Liberty Tire Services, LLC",Manufacturer
Virginia Tile Co,Distributor
"Moose Sports Surfaces, LTD",Distributor
"EmilAmerica, Inc.",Manufacturer
MANNINGTON COMMERCIAL,Manufacturer
Allied Interiors,Manufacturer
Arto Brick California Pavers,Distributor
"Getzner USA, Inc.",Distributor
Stanley Stephens Co Inc,Distributor
All South Flooring,Manufacturer
"Nasco Stone & Tile, LLC",Manufacturer
AutoStone Floor Systems,Manufacturer
NRF DISTRIBUTORS INC,Distributor
Emser Tile & Natural Stone,Distributor
Ann Sacks Tile and Stone,Manufacturer
"High Point Design, Inc",Distributor
WestSide Transformation Corp.,Manufacturer
PF America Inc.,Manufacturer
Ceramic Installation Supply Co. of Central Florida Inc (CISCO),Distributor
THE BELKNAP WHITE GROUP,Not Found
Faulks Bros Construction Inc.,Distributor
"Lititz Flooring, Co",Manufacturer
"Cain & Bultman, Inc.",Distributor
Allied Business Solutions LLC,Distributor
"Bergvik North America, Inc.",Manufacturer
C&C Wholesale Distributors,Distributor
"Altro USA, Inc",Manufacturer
"Yorkshore Sales & Marketing, Inc.",Manufacturer
"Ege Americas, Inc.",Manufacturer
Fireclay Tile Inc.,Manufacturer
Bedrosian Tile & Marble,Manufacturer
United Tile Inc.,Distributor
Big D Floor Covering Supplies (57269),Distributor
Hamilton Parker Company,Distributor
Traditions in Tile & Stone,Distributor
Sika Corporation,Manufacturer
KIEFER AMERICA LLC (Sister Company),Manufacturer
Colony Hardware dba Care Supply Co,Manufacturer
StaticWorx Inc,Manufacturer
Palmetto Tile Distributors,Manufacturer
Pantheon Floor Solutions Inc,Manufacturer
Knoxtile Supply,Manufacturer
Nydree Flooring,Manufacturer
VAN GELDER INC,Not Found
Chilewich Sultan LLC,Manufacturer
Ohio Valley Flooring,Distributor
South Cypress LLC,Manufacturer
"The Belknap White Group, LLC dba UCX Flooring",Distributor
Matter Surfaces Inc,Distributor
American Harlequin Corporation,Manufacturer
SELECTECH,Manufacturer
"Action Floor Systems, LLC",Manufacturer
W. C. Tingle,Distributor
Arizona Tile,Distributor
Kiefer America LLC,Manufacturer
Roca Tile USA Inc,Manufacturer
Stone Tile International Inc,Distributor
Julie Industries,Manufacturer
L&P Financial Services Co. dba Leggett & Pratt,Manufacturer
"EJ Welch Co, Inc",Distributor
Robert F. Henry Tile Co. Inc.,Distributor
Top Grade Floors,Manufacturer
Alpha Tile,Manufacturer
Walker Zanger,Manufacturer
"Building Plastics, Inc (BPI)",Distributor
Floorazzo Tile LLC,Manufacturer
"SpecCeramics, Inc.",Distributor
Matter Surfaces,Distributor
ModernRugs.com,Not Found
"Couristan, Inc.",Manufacturer
The Bahr Co.,Manufacturer
L&P Financial Services Co.,Not Found
"Stauf USA, LLC",Manufacturer
Boone Distributors,Manufacturer
Ceramic Matrix,Manufacturer
"American Import Tile, Ltd.",Distributor
Environmental Flooring Group,Manufacturer
Shannon Specialty Floors dba Teknoflor,Manufacturer
"Consolidated Brick & Building Supplies, Inc",Distributor
"Best Tile Distributors, Inc.",Distributor
Wausau Tile Inc.,Manufacturer
Mosaic Tile Company,Distributor
WC TINGLE,Manufacturer
Cladding Corp,Distributor
Architectural Directions,Distributor
PANIAGUA GROUP INC,Manufacturer
"Royal Thai Americas 2017, Inc",Manufacturer
"ProSpec Solutions, Inc",Manufacturer
Karndean Design Flooring,Manufacturer
Tiles & Textiles dba Boss flooring,Manufacturer
SIENA LLC,Distributor
Floor and Decor,Distributor
Shaw Integrated Solutions Group,Distributor
"CONCEPT SURFACES, LLC",Distributor
Tile Market of San Marco,Distributor
"IB Supply, LLC",Manufacturer
Design Works,Distributor
Tindalls Virgin Timbers,Manufacturer
"New Bedford Technology, LLC dba Tangent Technologies, LLC",Manufacturer
ELM SURFACES INC,Distributor
Shannon Specialty Floors,Manufacturer
Imbert Construction Industries,Distributor
"SICIS North America, Inc.",Distributor
Controlled Products dba Grasstex,Not Found
"Klein & Co., Inc.",Manufacturer
PRECISION INDUSTRIAL SERVICES,Manufacturer
"VMI's Premier Group, LLC",Distributor
Contempo Tile,Manufacturer
"Surface Materials, LLC",Distributor
"Entech, Inc",Distributor
Floorfolio Industries,Manufacturer
Nystrom Inc,Manufacturer
"ARCH180, Inc.",Distributor
B&D Products LLC,Manufacturer
Ceramic Tile Design,Distributor
Bering LLC,Manufacturer
Skudo USA Inc,Manufacturer
"Shannon Sales, Inc.",Manufacturer
Authentic Surfaces dba Mill and Woods,Manufacturer
"T&A Supply Company., Inc.",Distributor
Capri Cork LLC dba The Lititz Flooring Company,Manufacturer
Atlas Concorde USA Inc.,Distributor
"Hakwood, Inc.",Distributor
H.B. Fuller,Manufacturer
TMT Flooring Group LLC,Manufacturer
ROCA USA INC,Distributor
"Grifform Innovations, Inc.",Distributor
Pacific Mat & Commercial Flooring,Manufacturer
Lexmark Carpet Mills dba Tarkett Hospitality,Distributor
"Graphic Image Flooring, LLC",Distributor
Galleher Corporation,Distributor
Horizon Italian Tile,Distributor
Club Resource Group (CRG),Not Found
TransCeramica (ICG Italia),Not Found
"Challenger Turf, Inc.",Manufacturer
"Travis Tile Sales, Inc.",Manufacturer
Tilevera LLC dba Cle Tile,Distributor
Fieldturf USA Inc.,Manufacturer
EXQUISITE SURFACE OF CHICAGO INC,Distributor
"DNU (103423) Shaw Industries, Inc.",Manufacturer
Wall 2 Wall Floorcoverings,Not Found
"Strategic Contract Brands, Inc dba AutoStone Floor Systems",Not Found
James A Andrew inc dba Henry Poor Lumber Company,Manufacturer
Crossfield Product Corp,Manufacturer
Big D Floor Covering Supplies 17 (11469),Distributor
"RW Supply and Design, LLC",Manufacturer
Mincey Marble Mfg Co Inc,Distributor
Sadlerstone LLC dba Concrete Collaborative,Manufacturer
Emerald Distributing LLC,Distributor
Wagner Electronic Products,Manufacturer
Bedrosian Tile & Stone dba AlysEdwards Tile & Stone,Distributor
Midwest Floor Coverings Inc,Distributor
MS International Inc,Distributor
"Construction Specialties, Inc",Manufacturer
Audrey Lane LLC,Distributor
Procedo Flooring,Manufacturer
"CDC Distributors, Inc",Distributor
North Georgia Brick Co Inc,Not Found
Ceramic Tool Company Inc,Manufacturer
North West Rubber,Distributor
The Sherwin-Williams Company,Manufacturer
Elm Surfaces,Distributor
"Margaritelli USA, LLC. dba Listone Giordano",Distributor
SALESMASTER FLOORING,Not Found
Global Floor Inc,Not Found
Shoreline Flooring Supplies,Distributor
Peacock Interiors & Gallery Inc.,Manufacturer
Abraham Linc Corporation,Distributor
"Siena, LLC",Manufacturer
"Ohio Valley Flooring, Inc",Manufacturer
Reading Rock Inc,Manufacturer
Seal Bond,Distributor
"Zia Ventures, LLC dba Zia Tile",Distributor
Water Mitigation Concepts LLC,Manufacturer
Professional Flooring Supply,Distributor
Salesmaster Associates Inc,Distributor
Summit Flooring Supply LLC,Distributor
Mountain Trade Supply,Distributor
"StonePeak Ceramics, Inc",Manufacturer
Tiles & Textiles,Manufacturer
"Tate Access Floors, Inc.",Manufacturer
Materials Marketing Ltd dba Material Bespoke Stone + Tile,Distributor
US Adhesives,Distributor
Design Materials,Manufacturer
"Best Tile Distributors of New England, Inc",Distributor
Curran Catalog LLC,Distributor
"Hero Finishes Group, LLC dba Hero Flooring",Distributor
Bricks Inc,Not Found
"Specialized Supplies & Services, Inc.",Distributor
ASM Modular Systems Inc.,Distributor
Sherwin-Williams,Manufacturer
Floor It Logistics LLC,Not Found
"Design and Direct Source, LLC",Manufacturer
National Paint Industries Inc.,Manufacturer
Color Rite Inc,Manufacturer
BR Funsten - Tom Duffy Co,Distributor
"Division 9 Associates, Inc.",Distributor
GD Group Corporation,Manufacturer
Reef Industries Inc.,Manufacturer
"Southeastern Tile Connection, Inc",Distributor
Diamond W Floor Covering,Distributor
CSI Creative,Distributor
Surfaces 9,Distributor
Hero Flooring,Distributor
"Stoler Industries, Inc.",Distributor
"Runyon Surface Prep Co., LLC",Manufacturer
Zoche,Not Found
"Casale Design Source, Inc.",Manufacturer
"STANLEY STEPHENS COMPANY, INC",Manufacturer
Architectural Ceramics Inc. Architessa,Manufacturer
"Simon Signs, Inc.",Distributor
Hi-Tec Flooring Distributor,Distributor
"Sportsfield Specialties, Inc.",Distributor
"EMIL AMERICA, INC",Manufacturer
MICHAEL HALEBIAN & CO,Not Found
FJ Roberts Floors AASG,Manufacturer
Kertiles,Manufacturer
"Uline, Inc.",Distributor
Alpha Tile & Stone,Manufacturer
Ann Sacks,Distributor
Kuberit USA,Distributor
Creative Materials Corp,Manufacturer
Crossville Studios dba Crossville Tile & Stone,Not Found
Lonseal Flooring,Distributor
Aries Investors Inc dba Ray Weeks Marketing,Distributor
TAJ Flooring Inc,Distributor
Longust Distributing Inc,Manufacturer
Glenrock Distributing LLC,Manufacturer
"Bloomsburg Carpet Industries, Inc.",Distributor
Florida Silica Sand Company,Distributor
Balco Inc,Distributor
Colony Hardware Corporation & Subsidiaries,Manufacturer
"Aacer Flooring, LLC",Not Found
Junckers Hardwood Inc,Distributor
"Desoto Sales, Inc.",Distributor
Thorntree,Manufacturer
"Direct Fitness Solutions, LLC.",Distributor
Bentley Carpet Mills,Manufacturer
Hanover Architectural Products,Not Found
Michael Halebian & Co Inc,Distributor
Zandur,Manufacturer
Eleganza Tiles,Distributor
ToMarket,Not Found
Pavigym America Corp,Manufacturer
"Wooster Products, Inc.",Distributor
Brandon Company of Tennessee LLC,Distributor
WD Flooring,Distributor
PID Floors,Distributor
"Tile Studio, LLC",Not Found
SATECH (Seamless Attenuating Technologies),Distributor
"Acme Brick DFW, LLC",Distributor
Southland Flooring Supplies,Manufacturer
Studioart Leather Interiors SRL,Distributor
"Cumar, Inc.",Distributor
WEITZ SUPPLY CHAIN LLC,Manufacturer
Cancos Tile Corporation,Distributor
Foundation Building Materials LLC dba FBM,Manufacturer
Dwyer Marble & Stone Supply Inc.,Distributor
Hank's Specialties,Distributor
Cape Cod Express LLC,Distributor
"Selec Tech, Inc.",Distributor
Acme Brick Tile & Stone INc,Manufacturer
Architectural Surfaces dba Ceramic Matrix,Not Found
Tile By Design Inc,Manufacturer
"Spectrum Floorsource, Inc. dba Linmar Sales",Not Found
"Urban Surfaces, Inc.",Manufacturer
"Kodiak Sports dba Athletic Textiles, LLC",Distributor
Kim's HS Carpet LLC,Distributor
Marble Systems Inc dba Country Floors of America,Not Found
Wall 2 Wall,Manufacturer
DNU (107786) DALTILE,Manufacturer
"Spec Ceramics, Inc.",Not Found
J&J Flooring Group LLC,Manufacturer
"Futrus, Ltd",Distributor
"SJM Group of NY, Inc.",Not Found
Edgewater Stone and Surfaces (Fab),Manufacturer
Trassig Corp.,Not Found
"APOLLO DISTRIBUTING CO., INC.",Distributor
AMARCO PRODUCTS,Distributor
Turf Nation Inc.,Distributor
Fierst Distributing Company,Distributor
Genotek Inc.,Distributor
Crossfield Products Corp,Manufacturer
Metropolitan Hardwood Flooring,Manufacturer
Brick-It,Distributor
"DNU     Building Plastics, Inc",Not Found
Masland Carpets,Manufacturer
Allstate Rubber Corp,Manufacturer
Tile Optima,Not Found
Ferazzoli Imports of New England dba Genrose Stone & Tile,Distributor
"Morris Tile Distributors, Inc.",Distributor
Amstep Products,Manufacturer
SCHUTZ NA LLC,Manufacturer
Pro Equipment Rental,Distributor
SA Heinen dba GreensGroomer,Distributor
Surface Art,Manufacturer
Oregon Lumber,Distributor
Gulf Tile Distributors of Florida,Distributor
"ASM Modular Systems, Inc",Manufacturer
"DNU    Bloomsburg Carpet Industries, Inc.",Distributor
The Greer Company Inc,Distributor
 To Market,Not Found
Dinoflex Group Limited Partnership,Manufacturer
"FloorMax  Direct, LLC dba Floormax USA",Distributor
NorthStar Equipment & Supply II LLC,Distributor
Sherwin Williams,Manufacturer
"Pro Tile Distributors, Inc.",Distributor
Maharam Fabric Corporation,Distributor
"Shapley & Stern, Inc. dba Jamie Stern",Distributor
Knoxtile LLC,Distributor
Bedrosians Tile & Stone,Manufacturer
Kimara Inc. dba Aayers Flooring,Distributor
Metropolitan Hardwood Floors Inc,Distributor
Professional Flooring Supply Co,Not Found
Chilewich,Manufacturer
"TAJ FLOORING, INC.",Distributor
"GeoSurfaces, Inc.",Distributor
Interstate Brick,Manufacturer
"DSN Associates, LLC dba Summit International Flooring",Distributor
Facility Armor LLC,Distributor
HB Fuller Construction Products Inc.,Distributor
"Saxony Distributors, Inc.",Distributor
"Rubber Flooring Systems, Inc. dba RFS Inc.",Not Found
"Haustile, LLC",Not Found
American Floor Mats LLC,Distributor
Crossley Axminster Inc,Not Found
Brintons U. S. Axminster,Distributor
Kiefer America LLC dba Kiefer USA,Not Found
DNU      Pliteq Inc,Distributor
"Inspire Promotions, Inc.",Not Found
Statements Tile & Stone Inc.,Distributor
Carpet Resources,Distributor
Matting by Design,Distributor
"Noble Flooring, LLC",Distributor
Resource Commercial Flooring Network dba Experius Distribution,Distributor
PROFILITEC CORPORATION,Distributor
All Tile Holdings LLC,Not Found
American Floor Mats,Distributor
Artistic Tile Downtown,Distributor
DNU     NASCO Stone & Tile LLC,Distributor
Vure' Group LLC,Distributor
Can AM Coatings,Manufacturer
"Athletic Textiles, LLC",Distributor
"Brahan, LLC",Distributor
"Stone Solutions, Inc.",Distributor
Ceramic TileWorks,Distributor
"Curecrete Distribution, Inc.",Manufacturer
"Summit Flooring Supply, LLC",Not Found
Adcut,Distributor
GREAT NORTHERN ASSOCIATES,Manufacturer
"Stagestep, Inc.",Not Found
Intelli-Force Technology Corp dba Intelligent Floor and Wall Systems,Not Found
"Genesee Ceramic Tile Dist., Inc.",Distributor
Wayne Tile Imports,Distributor
Modern Nature Design,Distributor
"PFLC, LLC dba Signature Hospitality Carpet",Distributor
Red Thread Spaces LLC dba Red Thread,Distributor
"Olde Savannah Flooring, Inc.",Manufacturer
"Five Star Ceramics Group, Inc.",Distributor
Tnemec Co. Inc,Distributor
FIRECLAY TILE INC,Distributor
"The 4C's Management Group, LLC",Distributor
"Studio Tile & Design, Inc.",Distributor
"Niagara Machine, Inc.",Distributor
"Carpet Services, Inc.",Distributor
"Jaeckle Distributors, Inc",Distributor
KJL Commercial,Not Found
KATE-LO TILE,Distributor
Facings of America Inc,Distributor
SOUTHERN ALUMINUM FINISHING CO INC,Distributor
PF America,Manufacturer
Buffalo River Operations LLC dba Buffalo River Plastics,Not Found
Building Restoration Products,Manufacturer
SelecTech Inc,Distributor
Tile Club,Distributor
Metro Surfaces,Distributor
"Mercury Mosaics & Tile, Inc",Distributor
ALKS & Associates Inc,Manufacturer
Catalfamo Flooring of Fort Lauderdale Inc,Distributor
Roesel-Heck Company Inc,Distributor
"Division 9 Collaborative, LLC.",Distributor
Le Tissage D'arcade - 2 tec 2,Distributor
DNU (107776) JJ Haines,Manufacturer
Rubber Flooring Systems Inc dba RFS Sports,Distributor
Controlled Products LLC,Manufacturer
White Cap LP,Distributor
"Sports Imports, Inc",Distributor
PRECISION INDUSTRIAL SERVICES INC,Not Found
"The Coveworks, Inc.",Distributor
La Nova Tile Importers,Distributor
Turf Bond LLC,Distributor
Systematic Supply,Distributor
"Stonexchange, Inc.",Distributor
Sbemco International Inc. dba Matting by Design,Distributor
Advanced Exercise,Manufacturer
"National Metal Shapes, Inc.",Distributor
Hakwood Inc.,Manufacturer
Best Tile Distributor of North Carolina,Distributor
Best Tile Distributors,Not Found
Norwood Enterprises LLC,Distributor
INPRO CORPORATION,Distributor
"Rassan Trading, Inc dba The Surface Shop",Distributor
"Argelith Ceramic Tiles, Inc.",Manufacturer
NuSolutions Group LLC,Distributor
Dynamic Terrazzo Environments,Distributor
Anchor Floor and Supply LLC,Distributor
"Lonseal, Inc",Not Found
"WILLIAMS INTERIOR DESIGNS, INC.",Distributor
CGA Enterprise Inc,Manufacturer
Thornton Tile & Marble,Distributor
Stanton Carpet Corporation,Distributor
"AKDO Intertrade, Inc.",Distributor
"Rikett America Holding, Inc.",Distributor
Tribeca Stone,Distributor
"VENICE TILE and MARBLE, INC..",Distributor
"Cincinnati, Dayton, Columbus Distributors",Distributor
Rhett Dee dba Venetian Tile & Stone Gallery,Not Found
"United Canvas & Sling Inc. dba UCS, Inc.",Distributor
Infinite Hardwood Distributor,Distributor
"National Guard Products, Inc.",Distributor
Kahrs International Inc.,Distributor
Total Home Distributors Inc,Not Found
"Mad Matter, Inc.",Distributor
Redco Distribution LLC,Distributor
Tesselle LLC,Distributor
"Johnson Premium Hardwood Flooring, Inc.",Distributor
Trinity Tile Group,Distributor
Ironcompany.com,Distributor
Stoler Industries,Not Found
"Traction Technologies Holdings, LLC dba SLIPNOT dba AMSTEP",Distributor
Monterrey Tile Company,Distributor
Clay Imports,Distributor
"Mill Distributors, Inc.",Manufacturer
First Grade Hardwood Supplies,Manufacturer
"Inside Edge Commerical Interior Services, LLC",Distributor
Kahrs International Inc,Not Found
"B&F Ceramics Design Showroom, Inc.",Distributor
"Ceramic Tile Services, Inc.",Distributor
NxStep Products dba Next Step Flooring Solutions,Distributor
Jon-Don LLC,Distributor
Soelberg Ind,Distributor
PAW Hardwood Flooring & Supplies  dba Berger-Seidle Sport,Not Found
"Surface Materials, Inc.",Not Found
Construction Specialties Inc. dba Impact Specialties,Not Found
Conestoga Ceramic Tile Dist,Distributor
"Boden Enterprises, Inc. dba PF America",Distributor
Design and Direct Source,Distributor
"E.J. Welch Co., Inc.",Not Found
Schmidt Custom Floors Inc,Distributor
"Mteriors, LLC",Not Found
Smartwood 002 LLC,Distributor
"Kiefer Specialty Flooring Inc, dba Kiefer USA",Manufacturer
Floor Solutions LLC,Distributor
B & M Noble Company dba DuChateau Floors,Distributor
Floor & Decor,Distributor
Flooring Surfaces Inc,Distributor
Asmi Stone and Tile LLC dba Asmi Surfaces,Distributor
Sound Seal Inc,Distributor
TRAXX CORPORATION,Distributor
DNU (108164) MANNINGTON COMMERCIAL,Manufacturer
Next Floor USA,Distributor
On Deck Sports,Distributor
"Craig D Daigle dba Innovative Floor Concepts, LLC",Manufacturer
ARCHITECTURAL BRICK AND TILE INC,Distributor
"XL NORTH CHEMICALS, LLC",Manufacturer
CM Hospitality Carpets,Manufacturer
"Ecoglo, Inc.",Distributor
East to West Architectural Products Inc,Distributor
"Nystrom, Inc",Not Found
"The Mosaic Tile Company of Virginia, Inc.",Distributor
Matworks LLC,Distributor
TILO Industries LLC,Distributor
"Fit Supply, LLC",Distributor
"Trans Ceramica LTD, Eurowest Decorative Surf.",Distributor
Tons Of Tile,Distributor
Best Tile Distributors of New England,Distributor
Big D Floor Covering Supplies (11469),Not Found
Zoche LLC.,Manufacturer
Genrose Stone & Tile,Manufacturer
Artistic Tile,Distributor
Terrazzo & Marble Supply,Distributor
"Imagine Tile, Inc.",Distributor
"National Wood Products, Inc.",Distributor
"Barbizon Capitol, Inc.",Distributor
Sunbelt Rentals,Not Found
LILI TILE,Not Found
ALLIED TILE DISTRIBUTION CORP.,Distributor
"Aquaflex, Inc.",Not Found
"Composite Applications, Inc. dba Ultrasonic Cutting",Distributor
DNU (1194) ToMarket,Distributor
Mincey Bathroom Installation Inc.,Distributor
PBWW,Distributor
Stark Carpet Corp.,Distributor
Ceramiche Atlas Concorde,Manufacturer
"Nation Wholesale Trades, LLC.",Distributor
SCIF Shield LLC dba rFoil Insulation Products,Distributor
Florim USA,Distributor
Exclusive Floor Supply,Distributor
Floorazzo Tile,Distributor
"Forth Surfaces, Inc",Distributor
Syntec Industries,Distributor
"Torginol, Inc",Distributor
Meghan's Supply & Design,Distributor
St. Paul Linoleum & Carpet Company,Not Found
DNU     Tilebar LLC,Not Found
Decorative Materials International LTD,Distributor
Center Point Flooring Supplies Co,Distributor
Modern Tile,Distributor
"The Miller Davis Group, Inc. dba Davis & Davis Rugs, Luzern Ltd",Distributor
Tile Redi USA LLC,Distributor
Durato International,Distributor
Skudo LLC,Not Found
Foundation Building Materials,Distributor
DNU       Ceramic Technics LLC dba Stone Source,Distributor
DCO Inc. dba DCO Commercial Floors,Distributor
DKC Hardware LLC,Distributor
Cisco,Distributor
Regupol America LLC,Manufacturer
Jon-Don,Manufacturer
"MS International, Inc.",Not Found
North Star Flooring,Distributor
Trinity Tile Group LLC dba Trinity Surfaces,Not Found
"Spray-Lock, Inc.",Manufacturer
"STANLEY STEPHENS COMANY, INC",Not Found
DNU      Zandur Innovative Flooring,Distributor
TERRAZZO & CONCRETE EQUIPMENT INC,Distributor
"Kenco Distributors, Inc",Distributor
"Wayne Tile Imports, Inc.",Distributor
Custom Wholesale Floors,Not Found
"Oriental Weavers USA, Inc. dba OW Hospitality",Manufacturer
GTS Drywall Supply Co.,Distributor
"Uncle Mats & Supplies, Inc.",Distributor
United Rentals,Distributor
adS Flooring Inc.,Manufacturer
Specialty Products Co.,Distributor
Lucca Interiors LLC,Not Found
"Machinery For America, Inc",Distributor
Nemo Tile Co. Inc.,Distributor
"Sorinex Exercise Equipment, INC",Manufacturer
Architectural & Design Tile,Manufacturer
Greer Tile Company,Distributor
"Ceramic Tileworks of MN, Inc.",Distributor
Tile by Design LLC,Distributor
Signature Hospitality Carpet,Not Found
"Horizon Forest Products, LP",Distributor
"Evo Floors, LLC",Distributor
"Catalina Products International, LLC",Distributor
T-Tex Management dba T-Tex Industries,Distributor
Highstyle Stone and Tile,Distributor
Nurazzo LLC,Not Found
"WALCRO, LLC",Distributor
Division 4 Inc.,Distributor
"Vius, Inc.",Not Found
Dixie Home,Distributor
Photostone LLC DBA Livden,Not Found
"Oldcastle APG Northeast, Inc. dba Pebble Technology, Inc.",Not Found
SilTanium Corporation,Distributor
"Herregan Distributors, Inc",Distributor
"DNU (104499) Nora Systems, Inc",Manufacturer
Thompson Building Materials,Distributor
S&S FLOORING,Distributor
Cherokee Brick and Tile Company,Distributor
Faceables Decorative Brick & Sone Coverings LLC,Distributor
SUMMIT INTERNATIONAL FLOORING,Distributor
C & E Blades and Supplies LLC,Distributor
Kamco Supply Corp,Distributor
Innovative Coverings of America LLC dba ICA Group,Distributor
" Praetorian Protective Finishes, LLC dba Cornerstone Finishes, LLC",Not Found
Century Carpet Inc dba Century Group,Distributor
"Coverings Etc., Inc.",Manufacturer
Ohio Tile & Marble Company,Distributor
Rubber Logix,Manufacturer
Manhattan American Terrazzo Strip Co,Distributor
F.D. Sterritt Lumber Co.,Distributor
Grass Tex,Distributor
Tenarten Terrazzo,Distributor
Harcourt Collection LLC,Distributor
Maxxon Corporation,Distributor
Flintile,Manufacturer
Key Resin Company,Not Found
Ronick Matting Systems,Distributor
"Optimum Technologies, Inc.",Distributor
MSI SURFACES,Distributor
Legacy Tile,Manufacturer
Optimum Technologies,Distributor
Bedrock Contractor Supplies,Distributor
DNU       Bedrosians Tile & Stone,Manufacturer
Spek Creative,Distributor
Masland Carpet Mills dba Avant,Distributor
Swiff-Train Company LLC dba UCX Flooring,Distributor
"Hillyard, Inc.",Distributor
Curecrete Distribution Inc,Not Found
Direct Mat,Distributor
Smith & Fong Company,Distributor
Smith Floor Covering Distributors,Distributor
"Florida Hardwood Floor Supply, Inc",Not Found
Diamond Surfaces and Supply,Distributor
"Everleigh, LLC.",Not Found
Fry Reglet Corporation,Not Found
Elias Wilf,Distributor
SASE COMPANY LLC,Distributor
"Robert F Henry Tile Company, Inc",Distributor
"SMG Security Systems, Inc",Not Found
Koster American Corp.,Distributor
Ray Lynn Inc DBA Lynn Wholesale Flooring,Distributor
THE R C Musson Rubber Co,Distributor
Jordan Salas,Not Found
Protek Systems Inc.,Distributor
"Midwest Trade Tool, Inc. dba Tile Tools",Distributor
Euro west Decorative Surfaces,Distributor
Boyce Solid Surface Solutions Inc.,Distributor
Masland Carpets dba Fabrica,Manufacturer
Creative Office Resources,Not Found
DNU (129612) Trinity Tile,Not Found
Stone Center Corporation,Not Found
Mass Floor Supply,Distributor
CRAWFORD MATERIAL COMPANY,Distributor
IndoTeak Design,Not Found
MASTERS BUILDING PRODUCTS,Not Found
Material Bedspoke Stone and Tile,Distributor
Giles Carpet Binding,Distributor
E&Q Floors LLC dba Riva floors,Distributor
"Cement Tile Shop, LLC",Not Found
Realstone Systems LLC,Not Found
Urban Coast Tile,Distributor
BuildDirect Technologies Inc.,Distributor
Architectural Systems Inc,Distributor
"TAMARACK MATERIALS, INC.",Distributor
AD Tile,Distributor
"Zoche, Inc.",Distributor
MLW Stone LLC,Distributor
Atlas-Masland Contract,Not Found
"Can-Am Coatings, Inc.",Distributor
"Altura Stone and Tile, LLC",Distributor
The Thomas Brick Co.,Distributor
DNU      Shoreline Flooring Supplies,Not Found
Fabrica International,Distributor
M+A Matting,Distributor
"Curran Catalog, LLC",Manufacturer
Clifford W Estes Co Inc,Distributor
Sbemco Intl Matting By Design,Distributor
Mateflex,Manufacturer
Riad Tile,Distributor
LG Hausys America Inc dba LX Hausys America Inc,Not Found
The Tile Shop LLC,Distributor
A&M Supply Corporation,Distributor
The Coveworks,Distributor
Surya Carpet Inc,Distributor
"Specialty Textile Group, Inc",Distributor
Sherwin- Williams Company,Manufacturer
"Design Materials, Inc",Distributor
Bron Tapes of CA,Not Found
"Ceramic Technics, LTD dba CERAMIC TECHNICS LTD",Distributor
"Regal Hardwoods, Inc.",Distributor
Home Depot Credit Service (KY),Distributor
"Shannon Specialty Floors, LLC",Distributor
Prosource of mobile,Not Found
Riverfront Building Products,Not Found
Alley Cassetty Brick,Distributor
SOMERTILE (Merola),Not Found
ADM Flooring Inc,Distributor
"Mats, Inc.",Distributor
Diesse Inc.,Distributor
CCS Floors (Contract Carpet Solutions LLC),Distributor
GRAINGER,Distributor
"The Tile Shop, Inc.",Not Found
Marble Systems Inc dba Country Floors,Distributor
The Rookwood Pottery Company,Distributor
R.S. Hughes Company Inc,Manufacturer
Wooster Products Inc,Distributor
"Building Plastics, Inc",Not Found
Vortex Supply LLC,Distributor
"Suncrest Supply, Inc.",Not Found
"Marquis Industries, Inc",Not Found
HTS Chemical Hi-Tech,Not Found
Duchateau Floors,Manufacturer
"McRae Sales & Distributing, Inc.",Distributor
"Herregan Distributors, Inc.",Distributor
MAHARAM FABRIC CORP,Distributor
Long's Carpet Inc.,Distributor
Progressive Fastening Systems Inc dba HTS Chemical,Not Found
B&R Reinforcing Inc,Distributor
Blanke Corporation,Manufacturer
Totem Lumber and Supply,Distributor
HANKS SPECIALTIES,Distributor
Swiff Train,Distributor
Soci GP,Distributor
Lucida USA LLC,Manufacturer
"Waterjet Technologies LLC dba Creative Edge, Tool Keepers Foam & Etch,US Waterjet,",Distributor
Versatrim Inc,Distributor
Champion Flooring LLC,Manufacturer
ProSource Wholesale Floorcoverings,Not Found
CERAMIC INSTALLATION SUPPLY CO,Distributor
Happy Feet International LLC,Not Found
Cali Bamboo LLC,Not Found
HAPPY FLOORS,Distributor
The Tile Shop,Distributor
Alta Paints & Coatings,Not Found
S3 Surface Solutions LLC,Distributor
Trends in Tile,Distributor
Regency Royale,Distributor
ALL FLOORS SUPPLIES,Distributor
Desco Coatings of Houston Inc,Distributor
Builders Products Inc,Distributor
Cartwright Distributing LLC,Distributor
Fabrica Fine Carpet & Rugs,Distributor
Icon Sports Surfaces LLC,Manufacturer
SafePath Products,Not Found
Lee Building Products,Not Found
Multiple Concrete Accessories Corp,Distributor
PHOENIX TILE DISTRIBUTORS INC,Distributor
Merola Tile Distributors of America,Not Found
Suburban Packing,Not Found
On The Go,Distributor
"Grainger, W W",Distributor
"Custom Plastic Distributors, Inc.",Not Found
"Aramsco, Inc.",Distributor
Sherwin Williams Company,Manufacturer
"Nora Systems, Inc",Not Found
"BOTSG, Inc. dba Boride Engineered Abrasives",Distributor
Derr Flooring Company,Not Found
DNU     Mannington Mills Inc,Manufacturer
HELIX PROFESSIONAL TOOLS,Distributor
Janell Inc,Distributor
"Buckeye International, Inc dba Buckeye Cleaning Center - Indianapolis",Distributor
U.S. Design Source,Distributor
"Ted Turner Company, Inc.",Distributor
Bison Innovative Products,Manufacturer
Zarza Stone LLC,Distributor
W. W. Grainger  Inc.,Distributor
"Soundfold, Inc.",Not Found
Marshalltown Company,Distributor
Scamardo Enterprises LLC dba RSC Industries,Distributor
The Flooring Resource,Not Found
Rapid Waterjet Design,Distributor
Kember Kreative Int.,Distributor
Summit Equipment Inc,Distributor
Vibra-Conn-Northboro,Not Found
American Olean,Manufacturer
"North State Waste, LLC",Distributor
Vibra-Conn LG LLC,Distributor
"Aetna Plywood, Inc dba Aetna Building Solutions",Distributor
B&M Noble Co dba Duchateau Floors,Not Found
GUILLEN HOUSE CLEANING,Not Found
Cosentino North America,Distributor
"Merlin Stelzer Sales Co., Inc",Distributor
"Abatement Technologies, Inc",Distributor
Couser Supply Inc,Not Found
Intermountain Wood Products,Distributor
Fastsigns,Distributor
Southland Floors,Not Found
Lindsay Sheet dba Red Rock Tileworks,Not Found
Trends In Tile Inc,Distributor
Rubber Flooring Inc.,Distributor
MatPrint LP,Distributor
Runyon Surface Prep,Not Found
"Abrasive Technology, Inc.",Distributor
Louisville Tile Distributors,Distributor
"Hockstein, Inc",Distributor
Flooring Resource Associates Inc.,Not Found
Lanham Hardwood Flooring Co.,Distributor
"FLOORING SURFACES, INC.",Distributor
Dr. Schutz Group,Not Found
"GameTime Wraps, LLC",Distributor
"Specified Solutions, Inc",Distributor
Metal Supermarkets,Distributor
"Amphenol Thermometrics, Inc",Distributor
L&W Supply,Distributor
"Brick America Materials, LLC",Not Found
"BGR, Inc",Distributor
Jmish Mills,Distributor
"AQUILA Inc, dba Upsite, a Division of AQUILA Inc",Not Found
"WSL, Inc.",Manufacturer
Trinity Hardwood Distributors,Distributor
"DNU     Engineered Floors, LLC",Manufacturer
"Trade & Industrial Supply, Inc.",Distributor
"MaDex Associates, Inc",Not Found
Cartwright Distributing,Not Found
DNU (108164) Mannington Mills Inc,Manufacturer
"American Import Tile 2, Inc.",Distributor
