site_description,site,unit,unitclass,commodity_group,L5C,5C,1M,2M,3M,5M,10M,20M,30M,40M,source,statistic,metric
Jacksonville,SPJ,SQYD,Area,1CBL,0.48499669811320756,0.4719997641509434,0.46544575471698113,0.45567028301886786,0.4393408018867925,0.4393408018867925,0.4393408018867925,0.4393408018867925,0.4393408018867925,0.4393408018867925,vendor,,baseline
SPJ,SPJ,SQYD,Area,1CBL,1.24272294372294,0.72375,,1.00095349929544,,,,,,,georgia_historical_market_median,1.110548178219145,median
SPJ,SPJ,SQYD,Area,1CBL,1.243127641589179,0.72375,,1.00095349929544,,,,,,,georgia_historical_market_wavg,1.0316717791411019,weighted average
SPJ,SPJ,SQYD,Area,1CBL,2.3895576923076898,0.72375,,1.00095349929544,,,,,,,georgia_historical_market_q3,2.1424534363107224,Q3
SPJ,SPJ,SQYD,Area,1CBL,0.9,0.607685799284915,0.400140978597438,1.00095349929544,,,,,,,all_states_historical_market_median,0.72375,median
SPJ,SPJ,SQYD,Area,1CBL,0.819843280024564,0.572385513177838,0.3999722680663395,1.00095349929544,,,,,,,all_states_historical_market_wavg,0.6982560640119443,weighted average
SPJ,SPJ,SQYD,Area,1CBL,1.422501011736135,0.61749720670391,0.4013704166770775,1.00095349929544,,,,,,,all_states_historical_market_q3,1.3363812829206898,Q3
SPJ,SPJ,SQYD,Area,1CBL,0.811437229437229,0.472,,0.455669328323156,,,,,,,georgia_historical_xgs_median,0.7000634920634915,median
SPJ,SPJ,SQYD,Area,1CBL,0.700245139475908,0.472,,0.455669328323156,,,,,,,georgia_historical_xgs_wavg,0.5321344580777092,weighted average
SPJ,SPJ,SQYD,Area,1CBL,1.385037888963505,0.472,,0.455669328323156,,,,,,,georgia_historical_xgs_q3,1.2318990000746175,Q3
SPJ,SPJ,SQYD,Area,1CBL,1.3172863203463163,0.767175,0.4241494373132843,1.0610107092531667,,,,,,,recommended_median,1.177181068912294,median
SPJ,SPJ,SQYD,Area,1CBL,1.3177153000845299,0.767175,0.4239706041503199,1.0610107092531667,,,,,,,recommended_wavg,1.0935720858895681,weighted average
SPJ,SPJ,SQYD,Area,1CBL,2.5329311538461514,0.767175,0.4254526416777022,1.0610107092531667,,,,,,,recommended_q3,2.2710006424893656,Q3
SPJ,SPJ,SQYD,Area,1CBL,,,,,,,,,,,recommended_min,1.0935720858895681,unknown
SPJ,SPJ,SQYD,Area,1CBL,,,,,,,,,,,recommended_middle,1.177181068912294,unknown
SPJ,SPJ,SQYD,Area,1CBL,,,,,,,,,,,recommended_max,2.2710006424893656,unknown
Norcross,SPN,SQYD,Area,1CBL,0.35569386792452823,0.3463627358490567,0.33236603773584905,0.3230349056603773,0.31359268867924533,0.31359268867924533,0.31359268867924533,0.31359268867924533,0.31359268867924533,0.31359268867924533,vendor,,baseline
SPN,SPN,SQYD,Area,1CBL,0.77,,0.77,0.770065527164303,,0.09213834041271199,,,,,georgia_historical_market_median,0.77,median
SPN,SPN,SQYD,Area,1CBL,0.6953688110474899,,0.77,0.770065527164303,,0.09213702140716391,,,,,georgia_historical_market_wavg,0.3014881729718371,weighted average
SPN,SPN,SQYD,Area,1CBL,1.16350267379679,,0.77,0.770065527164303,,0.09231264688289889,,,,,georgia_historical_market_q3,0.87835294117647,Q3
SPN,SPN,SQYD,Area,1CBL,0.87835294117647,1.3948348604050964,3.018806964359885,0.770065527164303,,0.09213834041271199,,,,,all_states_historical_market_median,0.8548479591836731,median
SPN,SPN,SQYD,Area,1CBL,1.1438102704956123,1.4238138289549123,3.1778319123020706,0.770065527164303,,0.09213702140716391,,,,,all_states_historical_market_wavg,0.7995955460414874,weighted average
SPN,SPN,SQYD,Area,1CBL,1.79952001371389,1.7899944938995882,4.143210446539827,0.770065527164303,,0.09231264688289889,,,,,all_states_historical_market_q3,1.8867687231567025,Q3
SPN,SPN,SQYD,Area,1CBL,0.355708333333333,,0.332364285714285,0.288937887712201,,0.0960432485063076,,,,,georgia_historical_xgs_median,0.3557,median
SPN,SPN,SQYD,Area,1CBL,0.41671943415291274,,0.332364285714285,0.288937887712201,,0.09604187360008433,,,,,georgia_historical_xgs_wavg,0.1800900150275422,weighted average
SPN,SPN,SQYD,Area,1CBL,0.578705882352941,,0.332364285714285,0.288937887712201,,0.0962249422459325,,,,,georgia_historical_xgs_q3,0.4919,Q3
SPN,SPN,SQYD,Area,1CBL,0.9310541176470583,1.4785249520294024,3.199935382221478,0.8162694587941612,,0.10180584341668607,,,,,recommended_median,0.9061388367346935,median
SPN,SPN,SQYD,Area,1CBL,1.212438886725349,1.509242658692207,3.368501827040195,0.8162694587941612,,0.10180438601608939,,,,,recommended_wavg,0.8475712788039768,weighted average
SPN,SPN,SQYD,Area,1CBL,1.9074912145367235,1.8973941635335636,4.391803073332217,0.8162694587941612,,0.10199843878068846,,,,,recommended_q3,1.9999748465461047,Q3
SPN,SPN,SQYD,Area,1CBL,,,,,,,,,,,recommended_min,0.8475712788039768,unknown
SPN,SPN,SQYD,Area,1CBL,,,,,,,,,,,recommended_middle,0.9061388367346935,unknown
SPN,SPN,SQYD,Area,1CBL,,,,,,,,,,,recommended_max,1.9999748465461047,unknown
Tampa,SPT,SQYD,Area,1CBL,0.5118792452830189,0.49954882075471696,0.4914396226415095,0.48321933962264146,0.4627797169811321,0.4627797169811321,0.4627797169811321,0.4627797169811321,0.4627797169811321,0.4627797169811321,vendor,,baseline
SPT,SPT,SQYD,Area,1CBL,1.01083333333333,0.858364869689396,,,,,,,,,georgia_historical_market_median,1.007741666666665,median
SPT,SPT,SQYD,Area,1CBL,1.0691726062525906,0.8583648696893958,,,,,,,,,georgia_historical_market_wavg,1.0445845444021533,weighted average
SPT,SPT,SQYD,Area,1CBL,1.11857142857142,0.858364869689396,,,,,,,,,georgia_historical_market_q3,1.1181369047618974,Q3
SPT,SPT,SQYD,Area,1CBL,1.01756756756756,1.3805602337642031,,,,,,,,,all_states_historical_market_median,1.01756756756756,median
SPT,SPT,SQYD,Area,1CBL,1.1640395925782712,1.3329933222932966,,,,,,,,,all_states_historical_market_wavg,1.2135277118868542,weighted average
SPT,SPT,SQYD,Area,1CBL,1.341,1.9878842457371826,,,,,,,,,all_states_historical_market_q3,1.345125,Q3
SPT,SPT,SQYD,Area,1CBL,0.808533333333333,0.499550160656908,,,,,,,,,georgia_historical_xgs_median,0.808533333333333,median
SPT,SPT,SQYD,Area,1CBL,0.7378493042199333,0.499550160656908,,,,,,,,,georgia_historical_xgs_wavg,0.7100547167139981,weighted average
SPT,SPT,SQYD,Area,1CBL,1.56814067752779,0.499550160656908,,,,,,,,,georgia_historical_xgs_q3,1.5551055081458425,Q3
SPT,SPT,SQYD,Area,1CBL,1.0786216216216136,1.4633938477900554,,,,,,,,,recommended_median,1.0786216216216136,median
SPT,SPT,SQYD,Area,1CBL,1.2338819681329676,1.4129729216308944,,,,,,,,,recommended_wavg,1.2863393746000655,weighted average
SPT,SPT,SQYD,Area,1CBL,1.6622291181794575,2.1071573004814135,,,,,,,,,recommended_q3,1.6484118386345932,Q3
SPT,SPT,SQYD,Area,1CBL,,,,,,,,,,,recommended_min,1.0786216216216136,unknown
SPT,SPT,SQYD,Area,1CBL,,,,,,,,,,,recommended_middle,1.2863393746000655,unknown
SPT,SPT,SQYD,Area,1CBL,,,,,,,,,,,recommended_max,1.6484118386345932,unknown
Longwood,SPW,SQYD,Area,1CBL,0.5022148584905661,0.49010660377358495,0.48199740566037735,0.4739992924528302,0.4538929245283019,0.4538929245283019,0.4538929245283019,0.4538929245283019,0.4538929245283019,0.4538929245283019,vendor,,baseline
SPW,SPW,SQYD,Area,1CBL,1.05663841807909,1.3353118352309095,1.01051104772034,1.014030690427125,,,0.1767334494306265,,,,georgia_historical_market_median,1.0530503144654,median
SPW,SPW,SQYD,Area,1CBL,1.09403271515739,1.3096829602801545,1.01051104772034,1.0136229956165959,,,0.1767299262675142,,,,georgia_historical_market_wavg,0.580462508273613,weighted average
SPW,SPW,SQYD,Area,1CBL,1.4175703125,1.5031780603902198,1.01051104772034,1.0193424285468926,,,0.17712799371513324,,,,georgia_historical_market_q3,1.387875,Q3
SPW,SPW,SQYD,Area,1CBL,1.05833333333333,1.67104428554953,1.01051104772034,1.014030690427125,,,0.1767334494306265,,,,all_states_historical_market_median,1.056582862523535,median
SPW,SPW,SQYD,Area,1CBL,1.1823460170085536,1.622564372295404,1.01051104772034,1.0136229956165959,,,0.1767299262675142,,,,all_states_historical_market_wavg,0.6352188911631825,weighted average
SPW,SPW,SQYD,Area,1CBL,1.6368376042291826,2.045523330564285,1.01051104772034,1.0193424285468926,,,0.17712799371513324,,,,all_states_historical_market_q3,1.6368376042291826,Q3
SPW,SPW,SQYD,Area,1CBL,0.551272727272727,0.4901069441403205,0.481999709906686,0.474000108043032,,,0.238404537155946,,,,georgia_historical_xgs_median,0.527304347826086,median
SPW,SPW,SQYD,Area,1CBL,0.6193176620338713,0.49010665636942236,0.481999709906686,0.4740001121893757,,,0.23840939446698667,,,,georgia_historical_xgs_wavg,0.38109539899053063,weighted average
SPW,SPW,SQYD,Area,1CBL,1.3345290892259425,0.49010882900707625,0.481999709906686,0.474000162064548,,,0.238948487080509,,,,georgia_historical_xgs_q3,1.2128,Q3
SPW,SPW,SQYD,Area,1CBL,1.12183333333333,1.7713069426825019,1.0711417105835606,1.0748725318527526,,,0.25270880938530277,,,,recommended_median,1.1199778342749471,median
SPW,SPW,SQYD,Area,1CBL,1.2532867780290669,1.7199182346331283,1.0711417105835606,1.0744403753535916,,,0.25271395813500586,,,,recommended_wavg,0.6733320246329735,weighted average
SPW,SPW,SQYD,Area,1CBL,1.7350478604829336,2.168254730398142,1.0711417105835606,1.0805029742597063,,,0.2532853963053396,,,,recommended_q3,1.7350478604829336,Q3
SPW,SPW,SQYD,Area,1CBL,,,,,,,,,,,recommended_min,0.6733320246329735,unknown
SPW,SPW,SQYD,Area,1CBL,,,,,,,,,,,recommended_middle,1.1199778342749471,unknown
SPW,SPW,SQYD,Area,1CBL,,,,,,,,,,,recommended_max,1.7350478604829336,unknown
Jacksonville,SPJ,SQYD,Area,1CPT,0.8244721698113208,0.8023662735849058,0.791257783018868,0.7747061320754717,0.7469349056603773,0.7469349056603773,0.7469349056603773,0.7469349056603773,0.7469349056603773,0.7469349056603773,vendor,,baseline
SPJ,SPJ,SQYD,Area,1CPT,1.50007115411982,1.275875,1.29674916387959,1.36572344689378,0.27360397141833026,,,,,,georgia_historical_market_median,1.36568781040341,median
SPJ,SPJ,SQYD,Area,1CPT,2.0412570962278114,0.9438161856353022,1.2459065175985138,1.36572344689378,0.2486495364187599,,,,,,georgia_historical_market_wavg,1.1493258781956082,weighted average
SPJ,SPJ,SQYD,Area,1CPT,3.1849875748664997,1.37951955307262,1.3306909174349,1.36572344689378,0.39120816119444113,,,,,,georgia_historical_market_q3,2.4123913043478225,Q3
SPJ,SPJ,SQYD,Area,1CPT,1.62159712272288,1.307,1.29674531364711,1.36572344689378,0.27360397141833026,,,,,,all_states_historical_market_median,1.370539750130845,median
SPJ,SPJ,SQYD,Area,1CPT,1.9212843692222374,1.0611371695610317,1.1266176775268526,1.36572344689378,0.2486495364187599,,,,,,all_states_historical_market_wavg,1.1496483105052568,weighted average
SPJ,SPJ,SQYD,Area,1CPT,3.276,1.388200200768155,1.3254430196930551,1.36572344689378,0.39120816119444113,,,,,,all_states_historical_market_q3,2.6805624999999997,Q3
SPJ,SPJ,SQYD,Area,1CPT,0.824502193722578,0.802367926286014,0.791258536585365,0.774705410821643,0.516057444416839,,,,,,georgia_historical_xgs_median,0.8244753145405315,median
SPJ,SPJ,SQYD,Area,1CPT,0.9504810724883674,0.8023669066329264,0.7912585143484244,0.774705410821643,0.5102486239994257,,,,,,georgia_historical_xgs_wavg,0.7626556586332898,weighted average
SPJ,SPJ,SQYD,Area,1CPT,1.772945963011445,0.802370689655172,0.7912587309514485,0.774705410821643,0.5434330038617465,,,,,,georgia_historical_xgs_q3,1.1399372073578575,Q3
SPJ,SPJ,SQYD,Area,1CPT,1.7188929500862529,1.38542,1.3745541137123656,1.4476668537074069,0.5470208910818494,,,,,,recommended_median,1.4527721351386957,median
SPJ,SPJ,SQYD,Area,1CPT,2.1637325220014803,1.1248053997346936,1.3206609086544248,1.4476668537074069,0.5408635414393913,,,,,,recommended_wavg,1.2186272091355723,weighted average
SPJ,SPJ,SQYD,Area,1CPT,3.47256,1.4714922128142445,1.410532372480994,1.4476668537074069,0.5760389840934513,,,,,,recommended_q3,2.84139625,Q3
SPJ,SPJ,SQYD,Area,1CPT,,,,,,,,,,,recommended_min,1.2186272091355723,unknown
SPJ,SPJ,SQYD,Area,1CPT,,,,,,,,,,,recommended_middle,1.4527721351386957,unknown
SPJ,SPJ,SQYD,Area,1CPT,,,,,,,,,,,recommended_max,2.84139625,unknown
Norcross,SPN,SQYD,Area,1CPT,0.6047462264150943,0.5888610849056604,0.5649778301886793,0.5490926886792453,0.5332075471698113,0.5332075471698113,0.5332075471698113,0.5332075471698113,0.5332075471698113,0.5332075471698113,vendor,,baseline
SPN,SPN,SQYD,Area,1CPT,0.8388641625932595,0.659999999999999,0.5731662785696275,0.29144768275203,0.256345738671855,0.154880324570504,0.115651541937404,,,,georgia_historical_market_median,0.7800191676201544,median
SPN,SPN,SQYD,Area,1CPT,0.8934605144079714,0.6157537889496352,0.5849472856126983,0.39987047441585627,0.23284194909040695,0.154880324570504,0.115651541937404,,,,georgia_historical_market_wavg,0.5102937199557476,weighted average
SPN,SPN,SQYD,Area,1CPT,2.36214464882943,0.7800039959425811,0.8809835767445272,0.47572441177553904,0.2712061804264385,0.154880324570504,0.115651541937404,,,,georgia_historical_market_q3,1.779641513377925,Q3
SPN,SPN,SQYD,Area,1CPT,1.06719043151969,0.561926160149639,0.5731662785696275,0.3494979460592105,0.247893291610444,0.154880324570504,0.115651541937404,,,,all_states_historical_market_median,0.789551020408163,median
SPN,SPN,SQYD,Area,1CPT,1.0254956921162328,0.6092096531896187,0.9489431024954416,0.40168433292692945,0.2288696766907537,0.154880324570504,0.115651541937404,,,,all_states_historical_market_wavg,0.6117338338674433,weighted average
SPN,SPN,SQYD,Area,1CPT,2.42000450045004,0.7799430527536415,1.0423061498623178,0.4706614422245553,0.26907018219538104,0.154880324570504,0.115651541937404,,,,all_states_historical_market_q3,2.21341973244147,Q3
SPN,SPN,SQYD,Area,1CPT,0.604774535809018,0.588861588861588,0.449640589429534,0.271635188607753,0.177775181608294,0.118647888070907,0.114969673484796,,,,georgia_historical_xgs_median,0.604757440824935,median
SPN,SPN,SQYD,Area,1CPT,0.7194181816635583,0.5888609911882658,0.4485346614345818,0.2840644501792228,0.1725268063648134,0.118647888070907,0.114969673484796,,,,georgia_historical_xgs_wavg,0.4218558997454352,weighted average
SPN,SPN,SQYD,Area,1CPT,2.0564381270903,0.5888643976428005,0.5384543841917043,0.298338641044382,0.18782318469481274,0.118647888070907,0.114969673484796,,,,georgia_historical_xgs_q3,1.5374278357567224,Q3
SPN,SPN,SQYD,Area,1CPT,1.1312218574108714,0.699599999999999,0.6075562552838052,0.37046782282276314,0.27172648299216634,0.16417314404473424,0.12259063445364825,,,,recommended_median,0.8369240816326529,median
SPN,SPN,SQYD,Area,1CPT,1.0870254336432068,0.6526990162866133,1.0058796886451682,0.42578539290254525,0.24681246603583137,0.16417314404473424,0.12259063445364825,,,,recommended_wavg,0.6484378638994899,weighted average
SPN,SPN,SQYD,Area,1CPT,2.5652047704770427,0.826804235699136,1.104844518854057,0.5042678764820714,0.2874785512520248,0.16417314404473424,0.12259063445364825,,,,recommended_q3,2.3462249163879587,Q3
SPN,SPN,SQYD,Area,1CPT,,,,,,,,,,,recommended_min,0.6484378638994899,unknown
SPN,SPN,SQYD,Area,1CPT,,,,,,,,,,,recommended_middle,0.8369240816326529,unknown
SPN,SPN,SQYD,Area,1CPT,,,,,,,,,,,recommended_max,2.3462249163879587,unknown
Tampa,SPT,SQYD,Area,1CPT,0.8702391509433962,0.8493551886792453,0.8353584905660377,0.8213617924528301,0.7867033018867926,0.7867033018867926,0.7867033018867926,0.7867033018867926,0.7867033018867926,0.7867033018867926,vendor,,baseline
SPT,SPT,SQYD,Area,1CPT,1.40018744142455,1.0398909307137099,1.18125,1.3786492700569801,1.46647305250713,,,,,,georgia_historical_market_median,1.38398829431438,median
SPT,SPT,SQYD,Area,1CPT,1.4329235068928066,1.13744960436698,1.1937879379049612,1.2991864727393148,1.46647305250713,,,,,,georgia_historical_market_wavg,1.304389644413964,weighted average
SPT,SPT,SQYD,Area,1CPT,2.16259478889905,1.376831350272615,1.39813383392226,1.433810422449695,1.46647305250713,,,,,,georgia_historical_market_q3,1.8238270237535148,Q3
SPT,SPT,SQYD,Area,1CPT,1.41499169010483,1.019808099195932,1.18125,1.3786492700569801,1.46647305250713,,,,,,all_states_historical_market_median,1.39061504549716,median
SPT,SPT,SQYD,Area,1CPT,1.4719603289285956,1.1500050974400773,1.1937879379049612,1.2991864727393148,1.3234049754611577,,,,,,all_states_historical_market_wavg,1.3173849060918261,weighted average
SPT,SPT,SQYD,Area,1CPT,2.4591100543478226,1.3827342989289126,1.39813383392226,1.433810422449695,1.94324708919289,,,,,,all_states_historical_market_q3,2.1764839817940347,Q3
SPT,SPT,SQYD,Area,1CPT,0.870274527452745,0.8493557970598771,0.835358882308554,0.8213607882205435,0.607725678574955,,,,,,georgia_historical_xgs_median,0.870253287304604,median
SPT,SPT,SQYD,Area,1CPT,1.0067175550264156,0.849355497458268,0.8353590335655177,0.800865596763604,0.6077256785749549,,,,,,georgia_historical_xgs_wavg,0.9023720313412552,weighted average
SPT,SPT,SQYD,Area,1CPT,2.3726799106186247,0.8493588014079593,0.835359913616037,0.8213617319851265,0.607725678574955,,,,,,georgia_historical_xgs_q3,1.7108375888338,Q3
SPT,SPT,SQYD,Area,1CPT,1.49989119151112,1.1022843865565326,1.252125,1.461368226260399,1.5544614356575577,,,,,,recommended_median,1.4740519482269896,median
SPT,SPT,SQYD,Area,1CPT,1.5602779486643115,1.2190054032864819,1.265415214179259,1.3771376611036736,1.5544614356575577,,,,,,recommended_wavg,1.3964280004573357,weighted average
SPT,SPT,SQYD,Area,1CPT,2.606656657608692,1.4656983568646476,1.4820218639575957,1.5198390477966768,2.0598419145444633,,,,,,recommended_q3,2.3070730207016767,Q3
SPT,SPT,SQYD,Area,1CPT,,,,,,,,,,,recommended_min,1.3964280004573357,unknown
SPT,SPT,SQYD,Area,1CPT,,,,,,,,,,,recommended_middle,1.4740519482269896,unknown
SPT,SPT,SQYD,Area,1CPT,,,,,,,,,,,recommended_max,2.3070730207016767,unknown
Longwood,SPW,SQYD,Area,1CPT,0.8536875,0.8331367924528301,0.8194733490566039,0.8058099056603774,0.771595754716981,0.771595754716981,0.771595754716981,0.771595754716981,0.771595754716981,0.771595754716981,vendor,,baseline
SPW,SPW,SQYD,Area,1CPT,1.403939189347175,1.0034337268021831,1.019666824303945,0.993677638222797,0.539625828986268,0.61857603147027,,,,,georgia_historical_market_median,1.3806397727272701,median
SPW,SPW,SQYD,Area,1CPT,1.6013653288080114,1.0127711162662814,1.0762062625511633,0.9026822389521673,0.6788726150635258,0.656590765602758,,,,,georgia_historical_market_wavg,1.0393517215367258,weighted average
SPW,SPW,SQYD,Area,1CPT,3.0351744659543973,1.1786174354963026,1.3806655138934125,1.0510584775868899,0.9536931643780915,0.859559754865565,,,,,georgia_historical_market_q3,2.3936390756645225,Q3
SPW,SPW,SQYD,Area,1CPT,1.41493333333333,1.00696444117056,1.019666824303945,0.993677638222797,0.539625828986268,0.61857603147027,,,,,all_states_historical_market_median,1.3809634342351949,median
SPW,SPW,SQYD,Area,1CPT,1.6251113427593207,1.0762775363956252,1.0762062625511633,0.9026822389521673,0.6788726150635258,0.656590765602758,,,,,all_states_historical_market_wavg,1.0594644226224164,weighted average
SPW,SPW,SQYD,Area,1CPT,3.2129829984544,1.3190770221159651,1.3806655138934125,1.0510584775868899,0.9536931643780915,0.859559754865565,,,,,all_states_historical_market_q3,2.663413396709815,Q3
SPW,SPW,SQYD,Area,1CPT,0.853736940798285,0.833136216688144,0.8194750307752601,0.805808555431047,0.519058502070869,0.407181041781255,,,,,georgia_historical_xgs_median,0.85370083907561,median
SPW,SPW,SQYD,Area,1CPT,0.9896563206986869,0.8331365534044901,0.8194742937447828,0.7900899414521212,0.5284250290367765,0.405915955776015,,,,,georgia_historical_xgs_wavg,0.7425901646783151,weighted average
SPW,SPW,SQYD,Area,1CPT,1.9241255917398674,0.8331395902909174,0.8194758281141608,0.8058093467720683,0.6277618033977185,0.4200968956134655,,,,,georgia_historical_xgs_q3,1.6380349281320075,Q3
SPW,SPW,SQYD,Area,1CPT,1.49982933333333,1.0673823076407938,1.0808468337621817,1.0532982965161648,0.572003378725444,0.6556905933584862,,,,,recommended_median,1.4638212402893067,median
SPW,SPW,SQYD,Area,1CPT,1.72261802332488,1.1408541885793628,1.140778638304233,0.9568431732892974,0.7196049719673374,0.6959862115389235,,,,,recommended_wavg,1.1230322879797614,weighted average
SPW,SPW,SQYD,Area,1CPT,3.405761978361664,1.398221643442923,1.4635054447270173,1.1141219862421032,1.010914754240777,0.9111333401574989,,,,,recommended_q3,2.8232182005124042,Q3
SPW,SPW,SQYD,Area,1CPT,,,,,,,,,,,recommended_min,1.1230322879797614,unknown
SPW,SPW,SQYD,Area,1CPT,,,,,,,,,,,recommended_middle,1.4638212402893067,unknown
SPW,SPW,SQYD,Area,1CPT,,,,,,,,,,,recommended_max,2.8232182005124042,unknown
Jacksonville,SPJ,CWT,Weight,1VNL,0.3048614150943396,0.2779344339622642,0.21541584905660377,0.17329245283018865,0.17329245283018865,0.13583462264150942,0.11317330188679244,0.11317330188679244,0.11317330188679244,0.11317330188679244,vendor,,baseline
Jacksonville,SPJ,CWT,Weight,1VNL,0.3048614150943396,0.2779344339622642,0.21541584905660377,0.17329245283018865,0.17329245283018865,0.13583462264150942,0.11317330188679244,0.11317330188679244,0.11317330188679244,0.11317330188679244,vendor,,baseline
Jacksonville,SPJ,CWT,Weight,1VNL,0.3048614150943396,0.2779344339622642,0.21541584905660377,0.17329245283018865,0.17329245283018865,0.13583462264150942,0.11317330188679244,0.11317330188679244,0.11317330188679244,0.11317330188679244,vendor,,baseline
SPJ,SPJ,CWT,Weight,1VNL,0.7955649015484607,0.187058888500266,0.1518199220075796,0.122791467143514,0.1303891594461138,0.12717668373524052,0.09091973811015083,0.07950857146854395,0.05694767128767708,0.040547409576809336,georgia_historical_market_median,0.144475624536518,median
SPJ,SPJ,CWT,Weight,1VNL,0.9526916333745279,0.30591915336977965,0.18338925148017143,0.14579704681157465,0.1322647474085662,0.1288273908817066,0.06920356344517205,0.07571257687666713,0.05694767128767708,0.042509228195158906,georgia_historical_market_wavg,0.08716593855618401,weighted average
SPJ,SPJ,CWT,Weight,1VNL,6.266967305524235,0.2429096950278864,0.1823934008913438,0.1753324036415895,0.1659738257129529,0.1676748317647848,0.09332199142667025,0.08804663744032758,0.05694767128767708,0.04331738487739701,georgia_historical_market_q3,0.298258215119411,Q3
SPJ,SPJ,CWT,Weight,1VNL,0.9503294475418139,0.1936428122474628,0.134457412616658,0.12143842252236839,0.11406491388379619,0.09774089029834823,0.09225185749224844,0.08557196959480355,0.05694767128767708,0.040547409576809336,all_states_historical_market_median,0.155884012226477,median
SPJ,SPJ,CWT,Weight,1VNL,0.8846684310311831,0.2849161614934994,0.15196099031036106,0.14448162579539714,0.11916166056655547,0.11948940090974465,0.09746371398141278,0.0925732478382014,0.05694767128767708,0.042509228195158906,all_states_historical_market_wavg,0.09770314871080345,weighted average
SPJ,SPJ,CWT,Weight,1VNL,2.5054284282612236,0.25562728392851397,0.1764428458852125,0.1737927317207646,0.1618177785330669,0.16495978759602,0.09332214096204179,0.09547064097689963,0.05694767128767708,0.04331738487739701,all_states_historical_market_q3,0.602859275420566,Q3
SPJ,SPJ,CWT,Weight,1VNL,1.35890736342042,0.2501419158641652,0.1938748099341096,0.15596406019976342,0.15596296524515882,0.12225160003457158,0.10185592309937035,0.10185606191212428,0.07704503411645472,0.06740047002690576,georgia_historical_xgs_median,0.161562341611758,median
SPJ,SPJ,CWT,Weight,1VNL,0.7954405666761587,0.2501417684176017,0.1938746080469686,0.1559637427193204,0.15596296652723465,0.12225144924967715,0.1018558987433677,0.10170156557578813,0.07704503411645472,0.06720829115645913,georgia_historical_xgs_wavg,0.10028924667226514,weighted average
SPJ,SPJ,CWT,Weight,1VNL,3.4862888482632477,0.2501452743120828,0.1938765627155541,0.15596485057416087,0.1559635701528273,0.12225171910923269,0.10185606270281632,0.10185615841698531,0.07704503411645472,0.06767181556285536,georgia_historical_xgs_q3,0.319805467046788,Q3
SPJ,SPJ,CWT,Weight,1VNL,1.4404418052256454,0.2651504308160151,0.2055072985301562,0.16532190381174922,0.16532074315986836,0.13480728475935497,0.10796727848533257,0.10796742562685174,0.081667736163442,0.07144449822852011,recommended_median,0.1712560821084635,median
SPJ,SPJ,CWT,Weight,1VNL,1.0098531313769996,0.32427430257196643,0.20550708452978672,0.16532156728247963,0.16532074451886875,0.136557034334609,0.10796725266796976,0.10780365951033542,0.081667736163442,0.07124078862584668,recommended_wavg,0.10630660147260106,weighted average
SPJ,SPJ,CWT,Weight,1VNL,6.64298534385569,0.2709649209642248,0.20550915647848736,0.1858523478600849,0.17593225525573009,0.17773532167067188,0.1079674264649853,0.10796752792200444,0.081667736163442,0.07173212449662668,recommended_q3,0.6390308319458,Q3
SPJ,SPJ,CWT,Weight,1VNL,,,,,,,,,,,recommended_min,0.10630660147260106,unknown
SPJ,SPJ,CWT,Weight,1VNL,,,,,,,,,,,recommended_middle,0.1712560821084635,unknown
SPJ,SPJ,CWT,Weight,1VNL,,,,,,,,,,,recommended_max,0.6390308319458,unknown
Norcross,SPN,CWT,Weight,1VNL,0.16316150943396227,0.1486316037735849,0.11050726415094338,0.08344698113207548,0.08344698113207548,0.06625103773584905,0.056120094339622624,0.056120094339622624,0.056120094339622624,0.056120094339622624,vendor,,baseline
Norcross,SPN,CWT,Weight,1VNL,0.16316150943396227,0.1486316037735849,0.11050726415094338,0.08344698113207548,0.08344698113207548,0.06625103773584905,0.056120094339622624,0.056120094339622624,0.056120094339622624,0.056120094339622624,vendor,,baseline
Norcross,SPN,CWT,Weight,1VNL,0.16316150943396227,0.1486316037735849,0.11050726415094338,0.08344698113207548,0.08344698113207548,0.06625103773584905,0.056120094339622624,0.056120094339622624,0.056120094339622624,0.056120094339622624,vendor,,baseline
SPN,SPN,CWT,Weight,1VNL,0.46025128237725116,0.19770926579744758,0.11733574071551128,0.0815032011845425,0.06469563723642324,0.06461587525384968,0.04573189456179756,0.04156523482562196,0.04174473260362224,0.01786347094822056,georgia_historical_market_median,0.1498052958614215,median
SPN,SPN,CWT,Weight,1VNL,0.48031911023270857,0.2033799485261654,0.1278086799320092,0.0751502594842498,0.1007724979333541,0.06671937654248988,0.04530798580134756,0.04293484105618165,0.03308436632593105,0.018944608287461372,georgia_historical_market_wavg,0.05097507628855912,weighted average
SPN,SPN,CWT,Weight,1VNL,0.6092576916826856,0.22447528901193362,0.14142299522015278,0.08439225226911193,0.1143163344380142,0.09491917047994679,0.05700659787560381,0.05076099638500206,0.04174473260362224,0.02169819035776632,georgia_historical_market_q3,0.314604606137996,Q3
SPN,SPN,CWT,Weight,1VNL,0.423383131052994,0.1692110475630384,0.09890373611303832,0.08282612915411981,0.05088608276890008,0.0538428927324432,0.04826291473987554,0.03649624881188784,0.050874540783484676,0.02169819035776632,all_states_historical_market_median,0.163261053042349,median
SPN,SPN,CWT,Weight,1VNL,0.4418363314260043,0.182363293350613,0.12095326434338421,0.11252519541278934,0.1466354819290378,0.0666833786034664,0.053204191292080996,0.03658397276662802,0.09565381015353312,0.05345352542899943,all_states_historical_market_wavg,0.07538257026500414,weighted average
SPN,SPN,CWT,Weight,1VNL,0.758649092334195,0.21876599822466627,0.1275451374455544,0.12807747289694957,0.12025976108394121,0.1041013083144915,0.06253691057230616,0.05049814107621981,0.15289740110630826,0.0439820946984036,all_states_historical_market_q3,0.354538924306366,Q3
SPN,SPN,CWT,Weight,1VNL,0.609687216923322,0.164238448619862,0.09945719710839437,0.07510204798230288,0.07510261522223519,0.0596258915209557,0.04980076862288082,0.03131953820350872,0.024349517712207478,0.02511753645239172,georgia_historical_xgs_median,0.129431924819909,median
SPN,SPN,CWT,Weight,1VNL,0.5550323979723504,0.16294516953881705,0.10072741555650458,0.07510198334473182,0.0751024088718623,0.059625874701025636,0.04738684604657886,0.03291143099582331,0.023837435137693642,0.025319484303545168,georgia_historical_xgs_wavg,0.047113200942790805,weighted average
SPN,SPN,CWT,Weight,1VNL,1.737062023931592,0.18502288126000438,0.101612731341693,0.07510297531050598,0.07510295691207551,0.0596262113405526,0.05050793714582898,0.034869675056612696,0.024349517712207478,0.026090595152033522,georgia_historical_xgs_q3,0.41048673448726775,Q3
SPN,SPN,CWT,Weight,1VNL,0.6462684499387213,0.20957182174529443,0.12437588515844196,0.087795696903367,0.0796087721355693,0.06849282776908067,0.05278881474025367,0.04405914891515928,0.05392701323049376,0.026624588639535225,recommended_median,0.17305671622488994,median
SPN,SPN,CWT,Weight,1VNL,0.5883343418506914,0.21558274543773534,0.13547720072792976,0.11927670713755671,0.15543361084478008,0.07072253913503929,0.056396442769605856,0.04551093151955255,0.10139303876274512,0.056660736954739395,recommended_wavg,0.07990552448090439,weighted average
SPN,SPN,CWT,Weight,1VNL,1.8412857453674876,0.23794380635264964,0.14990837493336195,0.13576212127076656,0.12747534674897767,0.110347386813361,0.06628912520664454,0.053806656168102186,0.16207124517268676,0.04662102038030782,recommended_q3,0.4351159385565038,Q3
SPN,SPN,CWT,Weight,1VNL,,,,,,,,,,,recommended_min,0.07990552448090439,unknown
SPN,SPN,CWT,Weight,1VNL,,,,,,,,,,,recommended_middle,0.17305671622488994,unknown
SPN,SPN,CWT,Weight,1VNL,,,,,,,,,,,recommended_max,0.4351159385565038,unknown
Tampa,SPT,CWT,Weight,1VNL,0.33818688679245285,0.3083272641509434,0.23914358490566034,0.1920880188679245,0.1920880188679245,0.15063113207547169,0.12557037735849058,0.12557037735849058,0.12557037735849058,0.12557037735849058,vendor,,baseline
Tampa,SPT,CWT,Weight,1VNL,0.33818688679245285,0.3083272641509434,0.23914358490566034,0.1920880188679245,0.1920880188679245,0.15063113207547169,0.12557037735849058,0.12557037735849058,0.12557037735849058,0.12557037735849058,vendor,,baseline
Tampa,SPT,CWT,Weight,1VNL,0.33818688679245285,0.3083272641509434,0.23914358490566034,0.1920880188679245,0.1920880188679245,0.15063113207547169,0.12557037735849058,0.12557037735849058,0.12557037735849058,0.12557037735849058,vendor,,baseline
SPT,SPT,CWT,Weight,1VNL,0.33072587297222883,0.1857786906996954,0.17811383325375,0.1690678989338442,0.14202300427043998,0.1287011431538652,0.1237370841543678,0.10547895998086236,0.08604706659813492,0.03223103682957396,georgia_historical_market_median,0.15323674117692598,median
SPT,SPT,CWT,Weight,1VNL,0.41659815129403316,0.21551550695375196,0.1887767073081329,0.1631532981653744,0.14551858193080372,0.12109040878831709,0.1266162732001317,0.1106664290280957,0.08604706659813492,0.03559749761794508,georgia_historical_market_wavg,0.11154328255812175,weighted average
SPT,SPT,CWT,Weight,1VNL,0.6150781880507935,0.2660801009239056,0.2559447442262028,0.18615137451918598,0.1761065973350664,0.16166567028089399,0.1298093854832502,0.12097668483168017,0.08604706659813492,0.0423763379284383,georgia_historical_market_q3,0.2270350135324405,Q3
SPT,SPT,CWT,Weight,1VNL,0.7389919789297253,0.18804387565081682,0.1734228881086092,0.1656789569931066,0.1330204982039802,0.1280248124629062,0.12043399308164399,0.15560334345276958,0.08187039228475398,0.03223103682957396,all_states_historical_market_median,0.160061178348184,median
SPT,SPT,CWT,Weight,1VNL,0.9610224456502685,0.3039656531781713,0.17516908205922893,0.15201400155446385,0.13527959904326564,0.1558563484632718,0.11744412621405519,0.1472329822982708,0.08179089460320889,0.03559749761794508,all_states_historical_market_wavg,0.13457424038609506,weighted average
SPT,SPT,CWT,Weight,1VNL,1.380268493101521,0.27243786678775916,0.2524965832515363,0.18586897519271162,0.17206946826842429,0.162700511166399,0.125704351282176,0.1776811211972034,0.08395872944144445,0.0423763379284383,all_states_historical_market_q3,0.427918475365268,Q3
SPT,SPT,CWT,Weight,1VNL,0.4602019064473308,0.277493631161583,0.2152292694895572,0.17287938150656101,0.1728791445670356,0.1355681762181516,0.11301332823268236,0.10121993673083526,0.07324807685347319,0.07148834578839755,georgia_historical_xgs_median,0.20529978229506002,median
SPT,SPT,CWT,Weight,1VNL,0.48183214136736474,0.2774943203985013,0.21522919139895308,0.17287928899421007,0.17287927084395943,0.13556810238863662,0.11301325453725147,0.09924620262398512,0.07324807685347319,0.07011665238218999,georgia_historical_xgs_wavg,0.12645711062029444,weighted average
SPT,SPT,CWT,Weight,1VNL,0.9121132969279805,0.2774990805197406,0.2152310484433896,0.17288062809170132,0.1728800762219784,0.1355685589730964,0.11301344090523356,0.10711652865998648,0.07324807685347319,0.07239711874758618,georgia_historical_xgs_q3,0.25364657107673727,Q3
SPT,SPT,CWT,Weight,1VNL,0.7833314976655089,0.294143249031278,0.22814302565893063,0.1832521443969547,0.18325189324105776,0.1437022667912407,0.13116130920362987,0.16493954405993577,0.09120989059402303,0.0757776465357014,recommended_median,0.21761776923276363,median
SPT,SPT,CWT,Weight,1VNL,1.0186837923892846,0.3222035923688616,0.22814294288289028,0.1832520463338627,0.183252027094597,0.1652077293710681,0.1342132495921396,0.15606696123616706,0.09120989059402303,0.0743236515251214,recommended_wavg,0.14264869480926076,weighted average
SPT,SPT,CWT,Weight,1VNL,1.4630846026876123,0.294149025350925,0.271301428879775,0.19732045699033715,0.1866729931751704,0.17246254183638296,0.1375979486122452,0.1883419884690356,0.09120989059402303,0.07674094587244136,recommended_q3,0.4535935838871841,Q3
SPT,SPT,CWT,Weight,1VNL,,,,,,,,,,,recommended_min,0.14264869480926076,unknown
SPT,SPT,CWT,Weight,1VNL,,,,,,,,,,,recommended_middle,0.21761776923276363,unknown
SPT,SPT,CWT,Weight,1VNL,,,,,,,,,,,recommended_max,0.4535935838871841,unknown
Longwood,SPW,CWT,Weight,1VNL,0.33818688679245285,0.3083272641509434,0.23914358490566034,0.18848886792452832,0.18848886792452832,0.15063113207547169,0.12557037735849058,0.12557037735849058,0.12557037735849058,0.12557037735849058,vendor,,baseline
Longwood,SPW,CWT,Weight,1VNL,0.33818688679245285,0.3083272641509434,0.23914358490566034,0.18848886792452832,0.18848886792452832,0.15063113207547169,0.12557037735849058,0.12557037735849058,0.12557037735849058,0.12557037735849058,vendor,,baseline
Longwood,SPW,CWT,Weight,1VNL,0.33818688679245285,0.3083272641509434,0.23914358490566034,0.18848886792452832,0.18848886792452832,0.15063113207547169,0.12557037735849058,0.12557037735849058,0.12557037735849058,0.12557037735849058,vendor,,baseline
SPW,SPW,CWT,Weight,1VNL,0.6039127066115699,0.1768778730865824,0.18228501510342962,0.165677683079964,0.16685617215723597,0.1303399983270816,0.128834593661478,0.09820753637188043,0.11252677792176875,,georgia_historical_market_median,0.172133264462809,median
SPW,SPW,CWT,Weight,1VNL,0.7952096582556849,0.213524023716504,0.21358873822551247,0.1468115656539621,0.12954149485584593,0.11558435408701574,0.42014406382237984,0.1049956727893994,0.11252677792176875,,georgia_historical_market_wavg,0.16092622769786802,weighted average
SPW,SPW,CWT,Weight,1VNL,6.484710743801652,0.25710608801065976,0.2529765908233392,0.17157337677372358,0.1802129645584689,0.1684533560288757,0.16898053277336159,0.1299132356505768,0.11252677792176875,,georgia_historical_market_q3,0.424160162877502,Q3
SPW,SPW,CWT,Weight,1VNL,0.501740179845531,0.1774571552443476,0.17245371816803878,0.1564256388628284,0.1337327849482488,0.1257940200283056,0.11015792626558273,0.09820753637188043,0.05574613613249652,0.10988391177150048,all_states_historical_market_median,0.154233553666981,median
SPW,SPW,CWT,Weight,1VNL,0.6531951431554762,0.20221644921809037,0.17542844376937167,0.15361856084249023,0.10447746823047843,0.12296062790527092,0.3583849818592479,0.12279443640300014,0.10524826946090779,0.1087833185707281,all_states_historical_market_wavg,0.13449716366599715,weighted average
SPW,SPW,CWT,Weight,1VNL,2.097257920649427,0.24816207300502738,0.24875154147663658,0.1751108620035936,0.1725884222424864,0.17181571910974738,0.1457066900479545,0.1315337196552168,0.11252677792176875,0.13431705433254046,all_states_historical_market_q3,0.377617354451747,Q3
SPW,SPW,CWT,Weight,1VNL,1.003571601359112,0.2774926924326072,0.2152291517811564,0.1696395695706528,0.1696399905585528,0.13556829092323922,0.11301328272299267,0.09687229675314313,0.07035452178237035,,georgia_historical_xgs_median,0.231247208931419,median
SPW,SPW,CWT,Weight,1VNL,0.7289897643485928,0.2774934081462041,0.21522915002904972,0.16963966523589702,0.1696400220995424,0.135568163584398,0.11301333911333271,0.0999308927693,0.07035452178237035,,georgia_historical_xgs_wavg,0.13614820244810735,weighted average
SPW,SPW,CWT,Weight,1VNL,3.4837068099158786,0.27749795082909057,0.2152302945612012,0.16964096387354521,0.1696408194543909,0.1355687223395652,0.11301365654740424,0.10706935069526688,0.07035452178237035,,georgia_historical_xgs_q3,0.61563791322314,Q3
SPW,SPW,CWT,Weight,1VNL,1.0637858974406589,0.29414225397856364,0.2281429008880258,0.17981794374489196,0.17981838999206598,0.14370238837863358,0.1365646692811667,0.10409998855419325,0.11927838459707489,0.11647694647779051,recommended_median,0.24512204146730415,median
SPW,SPW,CWT,Weight,1VNL,0.842922237751026,0.2941430126349764,0.2281428990307927,0.17981804515005084,0.17981842342551496,0.14370225339946188,0.44535270765172263,0.13016210258718017,0.11927838459707489,0.11531031768497178,recommended_wavg,0.1705818013597401,weighted average
SPW,SPW,CWT,Weight,1VNL,6.8737933884297515,0.29414782787883603,0.26815518627273954,0.18561751372380922,0.19102574243197706,0.18212466225633223,0.17911936473976328,0.1394257428345298,0.11927838459707489,0.1423760775924929,recommended_q3,0.6525761880165284,Q3
SPW,SPW,CWT,Weight,1VNL,,,,,,,,,,,recommended_min,0.1705818013597401,unknown
SPW,SPW,CWT,Weight,1VNL,,,,,,,,,,,recommended_middle,0.24512204146730415,unknown
SPW,SPW,CWT,Weight,1VNL,,,,,,,,,,,recommended_max,0.6525761880165284,unknown
